time_interval,traffic_count
2015-12-01 00:00:00,240
2015-12-01 00:10:00,179
2015-12-01 00:20:00,159
2015-12-01 00:30:00,160
2015-12-01 00:40:00,146
2015-12-01 00:50:00,143
2015-12-01 01:00:00,164
2015-12-01 01:10:00,137
2015-12-01 01:20:00,115
2015-12-01 01:30:00,119
2015-12-01 01:40:00,111
2015-12-01 01:50:00,99
2015-12-01 02:00:00,89
2015-12-01 02:10:00,72
2015-12-01 02:20:00,64
2015-12-01 02:30:00,80
2015-12-01 02:40:00,81
2015-12-01 02:50:00,58
2015-12-01 03:00:00,49
2015-12-01 03:10:00,65
2015-12-01 03:20:00,66
2015-12-01 03:30:00,52
2015-12-01 03:40:00,61
2015-12-01 03:50:00,68
2015-12-01 04:00:00,66
2015-12-01 04:10:00,72
2015-12-01 04:20:00,76
2015-12-01 04:30:00,67
2015-12-01 04:40:00,69
2015-12-01 04:50:00,54
2015-12-01 05:00:00,46
2015-12-01 05:10:00,60
2015-12-01 05:20:00,68
2015-12-01 05:30:00,73
2015-12-01 05:40:00,71
2015-12-01 05:50:00,81
2015-12-01 06:00:00,77
2015-12-01 06:10:00,99
2015-12-01 06:20:00,115
2015-12-01 06:30:00,160
2015-12-01 06:40:00,170
2015-12-01 06:50:00,175
2015-12-01 07:00:00,200
2015-12-01 07:10:00,238
2015-12-01 07:20:00,272
2015-12-01 07:30:00,326
2015-12-01 07:40:00,400
2015-12-01 07:50:00,403
2015-12-01 08:00:00,445
2015-12-01 08:10:00,421
2015-12-01 08:20:00,420
2015-12-01 08:30:00,445
2015-12-01 08:40:00,503
2015-12-01 08:50:00,519
2015-12-01 09:00:00,458
2015-12-01 09:10:00,422
2015-12-01 09:20:00,439
2015-12-01 09:30:00,434
2015-12-01 09:40:00,466
2015-12-01 09:50:00,458
2015-12-01 10:00:00,393
2015-12-01 10:10:00,371
2015-12-01 10:20:00,344
2015-12-01 10:30:00,347
2015-12-01 10:40:00,344
2015-12-01 10:50:00,375
2015-12-01 11:00:00,357
2015-12-01 11:10:00,314
2015-12-01 11:20:00,322
2015-12-01 11:30:00,329
2015-12-01 11:40:00,322
2015-12-01 11:50:00,317
2015-12-01 12:00:00,314
2015-12-01 12:10:00,334
2015-12-01 12:20:00,313
2015-12-01 12:30:00,326
2015-12-01 12:40:00,300
2015-12-01 12:50:00,333
2015-12-01 13:00:00,330
2015-12-01 13:10:00,342
2015-12-01 13:20:00,359
2015-12-01 13:30:00,353
2015-12-01 13:40:00,364
2015-12-01 13:50:00,330
2015-12-01 14:00:00,363
2015-12-01 14:10:00,345
2015-12-01 14:20:00,458
2015-12-01 14:30:00,421
2015-12-01 14:40:00,424
2015-12-01 14:50:00,425
2015-12-01 15:00:00,412
2015-12-01 15:10:00,483
2015-12-01 15:20:00,441
2015-12-01 15:30:00,460
2015-12-01 15:40:00,448
2015-12-01 15:50:00,442
2015-12-01 16:00:00,490
2015-12-01 16:10:00,482
2015-12-01 16:20:00,445
2015-12-01 16:30:00,454
2015-12-01 16:40:00,422
2015-12-01 16:50:00,449
2015-12-01 17:00:00,469
2015-12-01 17:10:00,493
2015-12-01 17:20:00,474
2015-12-01 17:30:00,472
2015-12-01 17:40:00,530
2015-12-01 17:50:00,515
2015-12-01 18:00:00,495
2015-12-01 18:10:00,528
2015-12-01 18:20:00,557
2015-12-01 18:30:00,593
2015-12-01 18:40:00,605
2015-12-01 18:50:00,594
2015-12-01 19:00:00,577
2015-12-01 19:10:00,569
2015-12-01 19:20:00,593
2015-12-01 19:30:00,562
2015-12-01 19:40:00,556
2015-12-01 19:50:00,532
2015-12-01 20:00:00,496
2015-12-01 20:10:00,525
2015-12-01 20:20:00,469
2015-12-01 20:30:00,450
2015-12-01 20:40:00,452
2015-12-01 20:50:00,460
2015-12-01 21:00:00,495
2015-12-01 21:10:00,431
2015-12-01 21:20:00,412
2015-12-01 21:30:00,464
2015-12-01 21:40:00,435
2015-12-01 21:50:00,432
2015-12-01 22:00:00,376
2015-12-01 22:10:00,356
2015-12-01 22:20:00,338
2015-12-01 22:30:00,357
2015-12-01 22:40:00,326
2015-12-01 22:50:00,316
2015-12-01 23:00:00,302
2015-12-01 23:10:00,307
2015-12-01 23:20:00,282
2015-12-01 23:30:00,271
2015-12-01 23:40:00,266
2015-12-01 23:50:00,260
2015-12-02 00:00:00,269
2015-12-02 00:10:00,233
2015-12-02 00:20:00,202
2015-12-02 00:30:00,204
2015-12-02 00:40:00,168
2015-12-02 00:50:00,159
2015-12-02 01:00:00,133
2015-12-02 01:10:00,163
2015-12-02 01:20:00,119
2015-12-02 01:30:00,99
2015-12-02 01:40:00,117
2015-12-02 01:50:00,114
2015-12-02 02:00:00,102
2015-12-02 02:10:00,82
2015-12-02 02:20:00,83
2015-12-02 02:30:00,88
2015-12-02 02:40:00,85
2015-12-02 02:50:00,60
2015-12-02 03:00:00,60
2015-12-02 03:10:00,64
2015-12-02 03:20:00,58
2015-12-02 03:30:00,50
2015-12-02 03:40:00,47
2015-12-02 03:50:00,75
2015-12-02 04:00:00,81
2015-12-02 04:10:00,74
2015-12-02 04:20:00,67
2015-12-02 04:30:00,57
2015-12-02 04:40:00,52
2015-12-02 04:50:00,46
2015-12-02 05:00:00,54
2015-12-02 05:10:00,55
2015-12-02 05:20:00,42
2015-12-02 05:30:00,63
2015-12-02 05:40:00,57
2015-12-02 05:50:00,65
2015-12-02 06:00:00,68
2015-12-02 06:10:00,96
2015-12-02 06:20:00,120
2015-12-02 06:30:00,145
2015-12-02 06:40:00,154
2015-12-02 06:50:00,186
2015-12-02 07:00:00,183
2015-12-02 07:10:00,236
2015-12-02 07:20:00,270
2015-12-02 07:30:00,348
2015-12-02 07:40:00,360
2015-12-02 07:50:00,404
2015-12-02 08:00:00,411
2015-12-02 08:10:00,436
2015-12-02 08:20:00,424
2015-12-02 08:30:00,456
2015-12-02 08:40:00,458
2015-12-02 08:50:00,505
2015-12-02 09:00:00,467
2015-12-02 09:10:00,438
2015-12-02 09:20:00,441
2015-12-02 09:30:00,423
2015-12-02 09:40:00,446
2015-12-02 09:50:00,458
2015-12-02 10:00:00,432
2015-12-02 10:10:00,395
2015-12-02 10:20:00,364
2015-12-02 10:30:00,340
2015-12-02 10:40:00,302
2015-12-02 10:50:00,308
2015-12-02 11:00:00,316
2015-12-02 11:10:00,297
2015-12-02 11:20:00,311
2015-12-02 11:30:00,312
2015-12-02 11:40:00,308
2015-12-02 11:50:00,281
2015-12-02 12:00:00,322
2015-12-02 12:10:00,283
2015-12-02 12:20:00,323
2015-12-02 12:30:00,344
2015-12-02 12:40:00,352
2015-12-02 12:50:00,337
2015-12-02 13:00:00,299
2015-12-02 13:10:00,337
2015-12-02 13:20:00,338
2015-12-02 13:30:00,351
2015-12-02 13:40:00,323
2015-12-02 13:50:00,332
2015-12-02 14:00:00,344
2015-12-02 14:10:00,331
2015-12-02 14:20:00,359
2015-12-02 14:30:00,383
2015-12-02 14:40:00,376
2015-12-02 14:50:00,369
2015-12-02 15:00:00,390
2015-12-02 15:10:00,431
2015-12-02 15:20:00,414
2015-12-02 15:30:00,457
2015-12-02 15:40:00,474
2015-12-02 15:50:00,441
2015-12-02 16:00:00,456
2015-12-02 16:10:00,468
2015-12-02 16:20:00,441
2015-12-02 16:30:00,479
2015-12-02 16:40:00,470
2015-12-02 16:50:00,462
2015-12-02 17:00:00,535
2015-12-02 17:10:00,554
2015-12-02 17:20:00,506
2015-12-02 17:30:00,546
2015-12-02 17:40:00,556
2015-12-02 17:50:00,542
2015-12-02 18:00:00,514
2015-12-02 18:10:00,568
2015-12-02 18:20:00,497
2015-12-02 18:30:00,559
2015-12-02 18:40:00,540
2015-12-02 18:50:00,562
2015-12-02 19:00:00,498
2015-12-02 19:10:00,547
2015-12-02 19:20:00,543
2015-12-02 19:30:00,496
2015-12-02 19:40:00,547
2015-12-02 19:50:00,469
2015-12-02 20:00:00,484
2015-12-02 20:10:00,505
2015-12-02 20:20:00,437
2015-12-02 20:30:00,489
2015-12-02 20:40:00,483
2015-12-02 20:50:00,419
2015-12-02 21:00:00,436
2015-12-02 21:10:00,394
2015-12-02 21:20:00,419
2015-12-02 21:30:00,414
2015-12-02 21:40:00,449
2015-12-02 21:50:00,372
2015-12-02 22:00:00,371
2015-12-02 22:10:00,363
2015-12-02 22:20:00,375
2015-12-02 22:30:00,381
2015-12-02 22:40:00,341
2015-12-02 22:50:00,397
2015-12-02 23:00:00,386
2015-12-02 23:10:00,352
2015-12-02 23:20:00,359
2015-12-02 23:30:00,291
2015-12-02 23:40:00,313
2015-12-02 23:50:00,315
2015-12-03 00:00:00,295
2015-12-03 00:10:00,290
2015-12-03 00:20:00,268
2015-12-03 00:30:00,223
2015-12-03 00:40:00,238
2015-12-03 00:50:00,216
2015-12-03 01:00:00,211
2015-12-03 01:10:00,181
2015-12-03 01:20:00,189
2015-12-03 01:30:00,154
2015-12-03 01:40:00,143
2015-12-03 01:50:00,144
2015-12-03 02:00:00,149
2015-12-03 02:10:00,122
2015-12-03 02:20:00,126
2015-12-03 02:30:00,122
2015-12-03 02:40:00,116
2015-12-03 02:50:00,108
2015-12-03 03:00:00,102
2015-12-03 03:10:00,85
2015-12-03 03:20:00,93
2015-12-03 03:30:00,79
2015-12-03 03:40:00,80
2015-12-03 03:50:00,83
2015-12-03 04:00:00,75
2015-12-03 04:10:00,81
2015-12-03 04:20:00,74
2015-12-03 04:30:00,69
2015-12-03 04:40:00,75
2015-12-03 04:50:00,67
2015-12-03 05:00:00,62
2015-12-03 05:10:00,71
2015-12-03 05:20:00,65
2015-12-03 05:30:00,53
2015-12-03 05:40:00,73
2015-12-03 05:50:00,63
2015-12-03 06:00:00,81
2015-12-03 06:10:00,92
2015-12-03 06:20:00,132
2015-12-03 06:30:00,160
2015-12-03 06:40:00,146
2015-12-03 06:50:00,193
2015-12-03 07:00:00,209
2015-12-03 07:10:00,255
2015-12-03 07:20:00,263
2015-12-03 07:30:00,334
2015-12-03 07:40:00,404
2015-12-03 07:50:00,408
2015-12-03 08:00:00,442
2015-12-03 08:10:00,423
2015-12-03 08:20:00,426
2015-12-03 08:30:00,456
2015-12-03 08:40:00,429
2015-12-03 08:50:00,418
2015-12-03 09:00:00,476
2015-12-03 09:10:00,432
2015-12-03 09:20:00,405
2015-12-03 09:30:00,365
2015-12-03 09:40:00,407
2015-12-03 09:50:00,407
2015-12-03 10:00:00,369
2015-12-03 10:10:00,355
2015-12-03 10:20:00,360
2015-12-03 10:30:00,361
2015-12-03 10:40:00,394
2015-12-03 10:50:00,342
2015-12-03 11:00:00,316
2015-12-03 11:10:00,320
2015-12-03 11:20:00,319
2015-12-03 11:30:00,325
2015-12-03 11:40:00,333
2015-12-03 11:50:00,356
2015-12-03 12:00:00,319
2015-12-03 12:10:00,291
2015-12-03 12:20:00,317
2015-12-03 12:30:00,324
2015-12-03 12:40:00,351
2015-12-03 12:50:00,354
2015-12-03 13:00:00,317
2015-12-03 13:10:00,337
2015-12-03 13:20:00,373
2015-12-03 13:30:00,380
2015-12-03 13:40:00,373
2015-12-03 13:50:00,380
2015-12-03 14:00:00,365
2015-12-03 14:10:00,397
2015-12-03 14:20:00,379
2015-12-03 14:30:00,388
2015-12-03 14:40:00,367
2015-12-03 14:50:00,405
2015-12-03 15:00:00,405
2015-12-03 15:10:00,406
2015-12-03 15:20:00,426
2015-12-03 15:30:00,429
2015-12-03 15:40:00,448
2015-12-03 15:50:00,454
2015-12-03 16:00:00,442
2015-12-03 16:10:00,485
2015-12-03 16:20:00,458
2015-12-03 16:30:00,490
2015-12-03 16:40:00,490
2015-12-03 16:50:00,471
2015-12-03 17:00:00,512
2015-12-03 17:10:00,530
2015-12-03 17:20:00,505
2015-12-03 17:30:00,549
2015-12-03 17:40:00,554
2015-12-03 17:50:00,532
2015-12-03 18:00:00,617
2015-12-03 18:10:00,608
2015-12-03 18:20:00,627
2015-12-03 18:30:00,609
2015-12-03 18:40:00,632
2015-12-03 18:50:00,588
2015-12-03 19:00:00,601
2015-12-03 19:10:00,649
2015-12-03 19:20:00,611
2015-12-03 19:30:00,633
2015-12-03 19:40:00,597
2015-12-03 19:50:00,644
2015-12-03 20:00:00,594
2015-12-03 20:10:00,579
2015-12-03 20:20:00,533
2015-12-03 20:30:00,555
2015-12-03 20:40:00,564
2015-12-03 20:50:00,509
2015-12-03 21:00:00,557
2015-12-03 21:10:00,520
2015-12-03 21:20:00,514
2015-12-03 21:30:00,488
2015-12-03 21:40:00,490
2015-12-03 21:50:00,474
2015-12-03 22:00:00,488
2015-12-03 22:10:00,441
2015-12-03 22:20:00,465
2015-12-03 22:30:00,476
2015-12-03 22:40:00,459
2015-12-03 22:50:00,455
2015-12-03 23:00:00,445
2015-12-03 23:10:00,435
2015-12-03 23:20:00,402
2015-12-03 23:30:00,418
2015-12-03 23:40:00,430
2015-12-03 23:50:00,372
2015-12-04 00:00:00,376
2015-12-04 00:10:00,304
2015-12-04 00:20:00,343
2015-12-04 00:30:00,294
2015-12-04 00:40:00,293
2015-12-04 00:50:00,315
2015-12-04 01:00:00,287
2015-12-04 01:10:00,260
2015-12-04 01:20:00,228
2015-12-04 01:30:00,197
2015-12-04 01:40:00,210
2015-12-04 01:50:00,188
2015-12-04 02:00:00,191
2015-12-04 02:10:00,180
2015-12-04 02:20:00,166
2015-12-04 02:30:00,153
2015-12-04 02:40:00,139
2015-12-04 02:50:00,106
2015-12-04 03:00:00,126
2015-12-04 03:10:00,111
2015-12-04 03:20:00,94
2015-12-04 03:30:00,110
2015-12-04 03:40:00,97
2015-12-04 03:50:00,105
2015-12-04 04:00:00,108
2015-12-04 04:10:00,124
2015-12-04 04:20:00,90
2015-12-04 04:30:00,83
2015-12-04 04:40:00,71
2015-12-04 04:50:00,64
2015-12-04 05:00:00,60
2015-12-04 05:10:00,67
2015-12-04 05:20:00,72
2015-12-04 05:30:00,78
2015-12-04 05:40:00,69
2015-12-04 05:50:00,76
2015-12-04 06:00:00,82
2015-12-04 06:10:00,103
2015-12-04 06:20:00,126
2015-12-04 06:30:00,149
2015-12-04 06:40:00,154
2015-12-04 06:50:00,208
2015-12-04 07:00:00,216
2015-12-04 07:10:00,239
2015-12-04 07:20:00,267
2015-12-04 07:30:00,336
2015-12-04 07:40:00,403
2015-12-04 07:50:00,455
2015-12-04 08:00:00,430
2015-12-04 08:10:00,445
2015-12-04 08:20:00,444
2015-12-04 08:30:00,438
2015-12-04 08:40:00,472
2015-12-04 08:50:00,425
2015-12-04 09:00:00,477
2015-12-04 09:10:00,452
2015-12-04 09:20:00,431
2015-12-04 09:30:00,430
2015-12-04 09:40:00,444
2015-12-04 09:50:00,440
2015-12-04 10:00:00,372
2015-12-04 10:10:00,364
2015-12-04 10:20:00,372
2015-12-04 10:30:00,383
2015-12-04 10:40:00,385
2015-12-04 10:50:00,364
2015-12-04 11:00:00,353
2015-12-04 11:10:00,342
2015-12-04 11:20:00,330
2015-12-04 11:30:00,322
2015-12-04 11:40:00,333
2015-12-04 11:50:00,308
2015-12-04 12:00:00,315
2015-12-04 12:10:00,334
2015-12-04 12:20:00,299
2015-12-04 12:30:00,296
2015-12-04 12:40:00,311
2015-12-04 12:50:00,283
2015-12-04 13:00:00,314
2015-12-04 13:10:00,305
2015-12-04 13:20:00,310
2015-12-04 13:30:00,335
2015-12-04 13:40:00,314
2015-12-04 13:50:00,358
2015-12-04 14:00:00,340
2015-12-04 14:10:00,376
2015-12-04 14:20:00,376
2015-12-04 14:30:00,386
2015-12-04 14:40:00,418
2015-12-04 14:50:00,396
2015-12-04 15:00:00,426
2015-12-04 15:10:00,442
2015-12-04 15:20:00,441
2015-12-04 15:30:00,484
2015-12-04 15:40:00,481
2015-12-04 15:50:00,456
2015-12-04 16:00:00,510
2015-12-04 16:10:00,501
2015-12-04 16:20:00,470
2015-12-04 16:30:00,531
2015-12-04 16:40:00,527
2015-12-04 16:50:00,511
2015-12-04 17:00:00,548
2015-12-04 17:10:00,575
2015-12-04 17:20:00,573
2015-12-04 17:30:00,652
2015-12-04 17:40:00,673
2015-12-04 17:50:00,609
2015-12-04 18:00:00,705
2015-12-04 18:10:00,712
2015-12-04 18:20:00,676
2015-12-04 18:30:00,682
2015-12-04 18:40:00,730
2015-12-04 18:50:00,694
2015-12-04 19:00:00,719
2015-12-04 19:10:00,722
2015-12-04 19:20:00,767
2015-12-04 19:30:00,712
2015-12-04 19:40:00,710
2015-12-04 19:50:00,680
2015-12-04 20:00:00,703
2015-12-04 20:10:00,684
2015-12-04 20:20:00,670
2015-12-04 20:30:00,687
2015-12-04 20:40:00,692
2015-12-04 20:50:00,661
2015-12-04 21:00:00,662
2015-12-04 21:10:00,617
2015-12-04 21:20:00,626
2015-12-04 21:30:00,678
2015-12-04 21:40:00,666
2015-12-04 21:50:00,670
2015-12-04 22:00:00,692
2015-12-04 22:10:00,716
2015-12-04 22:20:00,691
2015-12-04 22:30:00,728
2015-12-04 22:40:00,696
2015-12-04 22:50:00,685
2015-12-04 23:00:00,685
2015-12-04 23:10:00,663
2015-12-04 23:20:00,649
2015-12-04 23:30:00,662
2015-12-04 23:40:00,652
2015-12-04 23:50:00,685
2015-12-05 00:00:00,691
2015-12-05 00:10:00,707
2015-12-05 00:20:00,649
2015-12-05 00:30:00,691
2015-12-05 00:40:00,632
2015-12-05 00:50:00,643
2015-12-05 01:00:00,613
2015-12-05 01:10:00,617
2015-12-05 01:20:00,565
2015-12-05 01:30:00,574
2015-12-05 01:40:00,587
2015-12-05 01:50:00,526
2015-12-05 02:00:00,524
2015-12-05 02:10:00,517
2015-12-05 02:20:00,515
2015-12-05 02:30:00,477
2015-12-05 02:40:00,431
2015-12-05 02:50:00,433
2015-12-05 03:00:00,411
2015-12-05 03:10:00,405
2015-12-05 03:20:00,380
2015-12-05 03:30:00,359
2015-12-05 03:40:00,373
2015-12-05 03:50:00,365
2015-12-05 04:00:00,390
2015-12-05 04:10:00,324
2015-12-05 04:20:00,296
2015-12-05 04:30:00,289
2015-12-05 04:40:00,233
2015-12-05 04:50:00,204
2015-12-05 05:00:00,169
2015-12-05 05:10:00,184
2015-12-05 05:20:00,110
2015-12-05 05:30:00,136
2015-12-05 05:40:00,133
2015-12-05 05:50:00,106
2015-12-05 06:00:00,109
2015-12-05 06:10:00,91
2015-12-05 06:20:00,113
2015-12-05 06:30:00,114
2015-12-05 06:40:00,136
2015-12-05 06:50:00,149
2015-12-05 07:00:00,119
2015-12-05 07:10:00,131
2015-12-05 07:20:00,144
2015-12-05 07:30:00,174
2015-12-05 07:40:00,211
2015-12-05 07:50:00,198
2015-12-05 08:00:00,180
2015-12-05 08:10:00,181
2015-12-05 08:20:00,231
2015-12-05 08:30:00,228
2015-12-05 08:40:00,277
2015-12-05 08:50:00,262
2015-12-05 09:00:00,257
2015-12-05 09:10:00,275
2015-12-05 09:20:00,277
2015-12-05 09:30:00,292
2015-12-05 09:40:00,326
2015-12-05 09:50:00,337
2015-12-05 10:00:00,288
2015-12-05 10:10:00,322
2015-12-05 10:20:00,324
2015-12-05 10:30:00,342
2015-12-05 10:40:00,355
2015-12-05 10:50:00,361
2015-12-05 11:00:00,335
2015-12-05 11:10:00,358
2015-12-05 11:20:00,385
2015-12-05 11:30:00,361
2015-12-05 11:40:00,391
2015-12-05 11:50:00,384
2015-12-05 12:00:00,366
2015-12-05 12:10:00,377
2015-12-05 12:20:00,376
2015-12-05 12:30:00,387
2015-12-05 12:40:00,403
2015-12-05 12:50:00,390
2015-12-05 13:00:00,401
2015-12-05 13:10:00,385
2015-12-05 13:20:00,426
2015-12-05 13:30:00,442
2015-12-05 13:40:00,396
2015-12-05 13:50:00,442
2015-12-05 14:00:00,421
2015-12-05 14:10:00,415
2015-12-05 14:20:00,441
2015-12-05 14:30:00,467
2015-12-05 14:40:00,451
2015-12-05 14:50:00,456
2015-12-05 15:00:00,461
2015-12-05 15:10:00,509
2015-12-05 15:20:00,514
2015-12-05 15:30:00,525
2015-12-05 15:40:00,579
2015-12-05 15:50:00,514
2015-12-05 16:00:00,533
2015-12-05 16:10:00,571
2015-12-05 16:20:00,513
2015-12-05 16:30:00,592
2015-12-05 16:40:00,546
2015-12-05 16:50:00,562
2015-12-05 17:00:00,553
2015-12-05 17:10:00,606
2015-12-05 17:20:00,565
2015-12-05 17:30:00,620
2015-12-05 17:40:00,604
2015-12-05 17:50:00,597
2015-12-05 18:00:00,601
2015-12-05 18:10:00,630
2015-12-05 18:20:00,603
2015-12-05 18:30:00,687
2015-12-05 18:40:00,688
2015-12-05 18:50:00,751
2015-12-05 19:00:00,717
2015-12-05 19:10:00,678
2015-12-05 19:20:00,762
2015-12-05 19:30:00,753
2015-12-05 19:40:00,729
2015-12-05 19:50:00,737
2015-12-05 20:00:00,710
2015-12-05 20:10:00,661
2015-12-05 20:20:00,733
2015-12-05 20:30:00,688
2015-12-05 20:40:00,681
2015-12-05 20:50:00,685
2015-12-05 21:00:00,647
2015-12-05 21:10:00,678
2015-12-05 21:20:00,643
2015-12-05 21:30:00,663
2015-12-05 21:40:00,663
2015-12-05 21:50:00,679
2015-12-05 22:00:00,633
2015-12-05 22:10:00,693
2015-12-05 22:20:00,703
2015-12-05 22:30:00,731
2015-12-05 22:40:00,722
2015-12-05 22:50:00,764
2015-12-05 23:00:00,787
2015-12-05 23:10:00,761
2015-12-05 23:20:00,780
2015-12-05 23:30:00,759
2015-12-05 23:40:00,773
2015-12-05 23:50:00,798
2015-12-06 00:00:00,784
2015-12-06 00:10:00,794
2015-12-06 00:20:00,764
2015-12-06 00:30:00,711
2015-12-06 00:40:00,768
2015-12-06 00:50:00,684
2015-12-06 01:00:00,753
2015-12-06 01:10:00,704
2015-12-06 01:20:00,696
2015-12-06 01:30:00,707
2015-12-06 01:40:00,671
2015-12-06 01:50:00,638
2015-12-06 02:00:00,627
2015-12-06 02:10:00,649
2015-12-06 02:20:00,620
2015-12-06 02:30:00,629
2015-12-06 02:40:00,578
2015-12-06 02:50:00,531
2015-12-06 03:00:00,528
2015-12-06 03:10:00,489
2015-12-06 03:20:00,518
2015-12-06 03:30:00,459
2015-12-06 03:40:00,474
2015-12-06 03:50:00,479
2015-12-06 04:00:00,502
2015-12-06 04:10:00,430
2015-12-06 04:20:00,332
2015-12-06 04:30:00,309
2015-12-06 04:40:00,257
2015-12-06 04:50:00,243
2015-12-06 05:00:00,221
2015-12-06 05:10:00,192
2015-12-06 05:20:00,172
2015-12-06 05:30:00,150
2015-12-06 05:40:00,151
2015-12-06 05:50:00,105
2015-12-06 06:00:00,119
2015-12-06 06:10:00,100
2015-12-06 06:20:00,105
2015-12-06 06:30:00,115
2015-12-06 06:40:00,119
2015-12-06 06:50:00,102
2015-12-06 07:00:00,106
2015-12-06 07:10:00,123
2015-12-06 07:20:00,113
2015-12-06 07:30:00,132
2015-12-06 07:40:00,135
2015-12-06 07:50:00,127
2015-12-06 08:00:00,123
2015-12-06 08:10:00,119
2015-12-06 08:20:00,130
2015-12-06 08:30:00,121
2015-12-06 08:40:00,151
2015-12-06 08:50:00,180
2015-12-06 09:00:00,160
2015-12-06 09:10:00,175
2015-12-06 09:20:00,208
2015-12-06 09:30:00,237
2015-12-06 09:40:00,265
2015-12-06 09:50:00,246
2015-12-06 10:00:00,239
2015-12-06 10:10:00,249
2015-12-06 10:20:00,256
2015-12-06 10:30:00,265
2015-12-06 10:40:00,316
2015-12-06 10:50:00,345
2015-12-06 11:00:00,300
2015-12-06 11:10:00,344
2015-12-06 11:20:00,320
2015-12-06 11:30:00,339
2015-12-06 11:40:00,342
2015-12-06 11:50:00,322
2015-12-06 12:00:00,333
2015-12-06 12:10:00,362
2015-12-06 12:20:00,339
2015-12-06 12:30:00,361
2015-12-06 12:40:00,367
2015-12-06 12:50:00,351
2015-12-06 13:00:00,356
2015-12-06 13:10:00,368
2015-12-06 13:20:00,371
2015-12-06 13:30:00,360
2015-12-06 13:40:00,388
2015-12-06 13:50:00,408
2015-12-06 14:00:00,359
2015-12-06 14:10:00,380
2015-12-06 14:20:00,381
2015-12-06 14:30:00,414
2015-12-06 14:40:00,414
2015-12-06 14:50:00,392
2015-12-06 15:00:00,383
2015-12-06 15:10:00,387
2015-12-06 15:20:00,410
2015-12-06 15:30:00,461
2015-12-06 15:40:00,418
2015-12-06 15:50:00,443
2015-12-06 16:00:00,426
2015-12-06 16:10:00,412
2015-12-06 16:20:00,485
2015-12-06 16:30:00,459
2015-12-06 16:40:00,472
2015-12-06 16:50:00,466
2015-12-06 17:00:00,492
2015-12-06 17:10:00,491
2015-12-06 17:20:00,468
2015-12-06 17:30:00,500
2015-12-06 17:40:00,498
2015-12-06 17:50:00,459
2015-12-06 18:00:00,446
2015-12-06 18:10:00,469
2015-12-06 18:20:00,465
2015-12-06 18:30:00,463
2015-12-06 18:40:00,489
2015-12-06 18:50:00,457
2015-12-06 19:00:00,449
2015-12-06 19:10:00,452
2015-12-06 19:20:00,466
2015-12-06 19:30:00,457
2015-12-06 19:40:00,410
2015-12-06 19:50:00,451
2015-12-06 20:00:00,426
2015-12-06 20:10:00,460
2015-12-06 20:20:00,431
2015-12-06 20:30:00,428
2015-12-06 20:40:00,427
2015-12-06 20:50:00,397
2015-12-06 21:00:00,398
2015-12-06 21:10:00,373
2015-12-06 21:20:00,369
2015-12-06 21:30:00,418
2015-12-06 21:40:00,381
2015-12-06 21:50:00,359
2015-12-06 22:00:00,363
2015-12-06 22:10:00,362
2015-12-06 22:20:00,343
2015-12-06 22:30:00,350
2015-12-06 22:40:00,315
2015-12-06 22:50:00,318
2015-12-06 23:00:00,312
2015-12-06 23:10:00,309
2015-12-06 23:20:00,277
2015-12-06 23:30:00,299
2015-12-06 23:40:00,258
2015-12-06 23:50:00,253
2015-12-07 00:00:00,245
2015-12-07 00:10:00,231
2015-12-07 00:20:00,203
2015-12-07 00:30:00,180
2015-12-07 00:40:00,166
2015-12-07 00:50:00,174
2015-12-07 01:00:00,165
2015-12-07 01:10:00,125
2015-12-07 01:20:00,119
2015-12-07 01:30:00,127
2015-12-07 01:40:00,130
2015-12-07 01:50:00,98
2015-12-07 02:00:00,127
2015-12-07 02:10:00,97
2015-12-07 02:20:00,79
2015-12-07 02:30:00,79
2015-12-07 02:40:00,74
2015-12-07 02:50:00,68
2015-12-07 03:00:00,72
2015-12-07 03:10:00,63
2015-12-07 03:20:00,64
2015-12-07 03:30:00,62
2015-12-07 03:40:00,80
2015-12-07 03:50:00,98
2015-12-07 04:00:00,77
2015-12-07 04:10:00,86
2015-12-07 04:20:00,81
2015-12-07 04:30:00,82
2015-12-07 04:40:00,76
2015-12-07 04:50:00,68
2015-12-07 05:00:00,61
2015-12-07 05:10:00,70
2015-12-07 05:20:00,58
2015-12-07 05:30:00,84
2015-12-07 05:40:00,80
2015-12-07 05:50:00,73
2015-12-07 06:00:00,107
2015-12-07 06:10:00,80
2015-12-07 06:20:00,129
2015-12-07 06:30:00,151
2015-12-07 06:40:00,181
2015-12-07 06:50:00,185
2015-12-07 07:00:00,198
2015-12-07 07:10:00,257
2015-12-07 07:20:00,288
2015-12-07 07:30:00,336
2015-12-07 07:40:00,355
2015-12-07 07:50:00,429
2015-12-07 08:00:00,408
2015-12-07 08:10:00,410
2015-12-07 08:20:00,449
2015-12-07 08:30:00,425
2015-12-07 08:40:00,515
2015-12-07 08:50:00,485
2015-12-07 09:00:00,451
2015-12-07 09:10:00,369
2015-12-07 09:20:00,445
2015-12-07 09:30:00,357
2015-12-07 09:40:00,413
2015-12-07 09:50:00,390
2015-12-07 10:00:00,352
2015-12-07 10:10:00,324
2015-12-07 10:20:00,319
2015-12-07 10:30:00,329
2015-12-07 10:40:00,328
2015-12-07 10:50:00,313
2015-12-07 11:00:00,261
2015-12-07 11:10:00,271
2015-12-07 11:20:00,288
2015-12-07 11:30:00,290
2015-12-07 11:40:00,312
2015-12-07 11:50:00,271
2015-12-07 12:00:00,263
2015-12-07 12:10:00,281
2015-12-07 12:20:00,313
2015-12-07 12:30:00,307
2015-12-07 12:40:00,279
2015-12-07 12:50:00,282
2015-12-07 13:00:00,276
2015-12-07 13:10:00,326
2015-12-07 13:20:00,257
2015-12-07 13:30:00,292
2015-12-07 13:40:00,322
2015-12-07 13:50:00,315
2015-12-07 14:00:00,286
2015-12-07 14:10:00,310
2015-12-07 14:20:00,319
2015-12-07 14:30:00,341
2015-12-07 14:40:00,335
2015-12-07 14:50:00,333
2015-12-07 15:00:00,381
2015-12-07 15:10:00,326
2015-12-07 15:20:00,376
2015-12-07 15:30:00,377
2015-12-07 15:40:00,403
2015-12-07 15:50:00,401
2015-12-07 16:00:00,397
2015-12-07 16:10:00,399
2015-12-07 16:20:00,376
2015-12-07 16:30:00,392
2015-12-07 16:40:00,364
2015-12-07 16:50:00,418
2015-12-07 17:00:00,445
2015-12-07 17:10:00,416
2015-12-07 17:20:00,431
2015-12-07 17:30:00,442
2015-12-07 17:40:00,458
2015-12-07 17:50:00,442
2015-12-07 18:00:00,489
2015-12-07 18:10:00,501
2015-12-07 18:20:00,470
2015-12-07 18:30:00,479
2015-12-07 18:40:00,515
2015-12-07 18:50:00,490
2015-12-07 19:00:00,469
2015-12-07 19:10:00,489
2015-12-07 19:20:00,466
2015-12-07 19:30:00,469
2015-12-07 19:40:00,430
2015-12-07 19:50:00,435
2015-12-07 20:00:00,443
2015-12-07 20:10:00,430
2015-12-07 20:20:00,355
2015-12-07 20:30:00,362
2015-12-07 20:40:00,351
2015-12-07 20:50:00,375
2015-12-07 21:00:00,363
2015-12-07 21:10:00,354
2015-12-07 21:20:00,338
2015-12-07 21:30:00,347
2015-12-07 21:40:00,340
2015-12-07 21:50:00,318
2015-12-07 22:00:00,307
2015-12-07 22:10:00,286
2015-12-07 22:20:00,312
2015-12-07 22:30:00,310
2015-12-07 22:40:00,301
2015-12-07 22:50:00,296
2015-12-07 23:00:00,299
2015-12-07 23:10:00,285
2015-12-07 23:20:00,276
2015-12-07 23:30:00,246
2015-12-07 23:40:00,246
2015-12-07 23:50:00,232
2015-12-08 00:00:00,256
2015-12-08 00:10:00,218
2015-12-08 00:20:00,191
2015-12-08 00:30:00,193
2015-12-08 00:40:00,183
2015-12-08 00:50:00,150
2015-12-08 01:00:00,143
2015-12-08 01:10:00,154
2015-12-08 01:20:00,139
2015-12-08 01:30:00,130
2015-12-08 01:40:00,120
2015-12-08 01:50:00,97
2015-12-08 02:00:00,93
2015-12-08 02:10:00,69
2015-12-08 02:20:00,76
2015-12-08 02:30:00,65
2015-12-08 02:40:00,70
2015-12-08 02:50:00,76
2015-12-08 03:00:00,56
2015-12-08 03:10:00,52
2015-12-08 03:20:00,51
2015-12-08 03:30:00,46
2015-12-08 03:40:00,53
2015-12-08 03:50:00,63
2015-12-08 04:00:00,67
2015-12-08 04:10:00,68
2015-12-08 04:20:00,69
2015-12-08 04:30:00,65
2015-12-08 04:40:00,62
2015-12-08 04:50:00,60
2015-12-08 05:00:00,50
2015-12-08 05:10:00,65
2015-12-08 05:20:00,66
2015-12-08 05:30:00,62
2015-12-08 05:40:00,58
2015-12-08 05:50:00,84
2015-12-08 06:00:00,99
2015-12-08 06:10:00,119
2015-12-08 06:20:00,116
2015-12-08 06:30:00,155
2015-12-08 06:40:00,161
2015-12-08 06:50:00,181
2015-12-08 07:00:00,222
2015-12-08 07:10:00,227
2015-12-08 07:20:00,308
2015-12-08 07:30:00,313
2015-12-08 07:40:00,389
2015-12-08 07:50:00,414
2015-12-08 08:00:00,377
2015-12-08 08:10:00,426
2015-12-08 08:20:00,413
2015-12-08 08:30:00,447
2015-12-08 08:40:00,479
2015-12-08 08:50:00,474
2015-12-08 09:00:00,446
2015-12-08 09:10:00,407
2015-12-08 09:20:00,387
2015-12-08 09:30:00,394
2015-12-08 09:40:00,398
2015-12-08 09:50:00,379
2015-12-08 10:00:00,356
2015-12-08 10:10:00,351
2015-12-08 10:20:00,322
2015-12-08 10:30:00,322
2015-12-08 10:40:00,309
2015-12-08 10:50:00,319
2015-12-08 11:00:00,297
2015-12-08 11:10:00,268
2015-12-08 11:20:00,318
2015-12-08 11:30:00,326
2015-12-08 11:40:00,306
2015-12-08 11:50:00,260
2015-12-08 12:00:00,275
2015-12-08 12:10:00,318
2015-12-08 12:20:00,299
2015-12-08 12:30:00,286
2015-12-08 12:40:00,303
2015-12-08 12:50:00,310
2015-12-08 13:00:00,286
2015-12-08 13:10:00,289
2015-12-08 13:20:00,281
2015-12-08 13:30:00,335
2015-12-08 13:40:00,316
2015-12-08 13:50:00,294
2015-12-08 14:00:00,314
2015-12-08 14:10:00,338
2015-12-08 14:20:00,317
2015-12-08 14:30:00,357
2015-12-08 14:40:00,352
2015-12-08 14:50:00,375
2015-12-08 15:00:00,356
2015-12-08 15:10:00,386
2015-12-08 15:20:00,419
2015-12-08 15:30:00,335
2015-12-08 15:40:00,378
2015-12-08 15:50:00,427
2015-12-08 16:00:00,388
2015-12-08 16:10:00,428
2015-12-08 16:20:00,413
2015-12-08 16:30:00,409
2015-12-08 16:40:00,409
2015-12-08 16:50:00,421
2015-12-08 17:00:00,448
2015-12-08 17:10:00,454
2015-12-08 17:20:00,450
2015-12-08 17:30:00,490
2015-12-08 17:40:00,476
2015-12-08 17:50:00,500
2015-12-08 18:00:00,494
2015-12-08 18:10:00,493
2015-12-08 18:20:00,504
2015-12-08 18:30:00,455
2015-12-08 18:40:00,526
2015-12-08 18:50:00,554
2015-12-08 19:00:00,514
2015-12-08 19:10:00,557
2015-12-08 19:20:00,477
2015-12-08 19:30:00,483
2015-12-08 19:40:00,518
2015-12-08 19:50:00,463
2015-12-08 20:00:00,491
2015-12-08 20:10:00,454
2015-12-08 20:20:00,482
2015-12-08 20:30:00,459
2015-12-08 20:40:00,459
2015-12-08 20:50:00,427
2015-12-08 21:00:00,445
2015-12-08 21:10:00,403
2015-12-08 21:20:00,438
2015-12-08 21:30:00,411
2015-12-08 21:40:00,376
2015-12-08 21:50:00,386
2015-12-08 22:00:00,373
2015-12-08 22:10:00,345
2015-12-08 22:20:00,372
2015-12-08 22:30:00,358
2015-12-08 22:40:00,362
2015-12-08 22:50:00,327
2015-12-08 23:00:00,340
2015-12-08 23:10:00,317
2015-12-08 23:20:00,326
2015-12-08 23:30:00,315
2015-12-08 23:40:00,281
2015-12-08 23:50:00,258
2015-12-09 00:00:00,306
2015-12-09 00:10:00,257
2015-12-09 00:20:00,233
2015-12-09 00:30:00,233
2015-12-09 00:40:00,180
2015-12-09 00:50:00,172
2015-12-09 01:00:00,191
2015-12-09 01:10:00,156
2015-12-09 01:20:00,151
2015-12-09 01:30:00,152
2015-12-09 01:40:00,138
2015-12-09 01:50:00,131
2015-12-09 02:00:00,111
2015-12-09 02:10:00,121
2015-12-09 02:20:00,94
2015-12-09 02:30:00,77
2015-12-09 02:40:00,75
2015-12-09 02:50:00,72
2015-12-09 03:00:00,64
2015-12-09 03:10:00,72
2015-12-09 03:20:00,69
2015-12-09 03:30:00,61
2015-12-09 03:40:00,66
2015-12-09 03:50:00,67
2015-12-09 04:00:00,52
2015-12-09 04:10:00,54
2015-12-09 04:20:00,58
2015-12-09 04:30:00,48
2015-12-09 04:40:00,44
2015-12-09 04:50:00,58
2015-12-09 05:00:00,38
2015-12-09 05:10:00,53
2015-12-09 05:20:00,65
2015-12-09 05:30:00,62
2015-12-09 05:40:00,64
2015-12-09 05:50:00,66
2015-12-09 06:00:00,73
2015-12-09 06:10:00,76
2015-12-09 06:20:00,101
2015-12-09 06:30:00,127
2015-12-09 06:40:00,153
2015-12-09 06:50:00,169
2015-12-09 07:00:00,180
2015-12-09 07:10:00,230
2015-12-09 07:20:00,262
2015-12-09 07:30:00,324
2015-12-09 07:40:00,363
2015-12-09 07:50:00,415
2015-12-09 08:00:00,430
2015-12-09 08:10:00,476
2015-12-09 08:20:00,445
2015-12-09 08:30:00,448
2015-12-09 08:40:00,492
2015-12-09 08:50:00,490
2015-12-09 09:00:00,435
2015-12-09 09:10:00,435
2015-12-09 09:20:00,392
2015-12-09 09:30:00,414
2015-12-09 09:40:00,436
2015-12-09 09:50:00,412
2015-12-09 10:00:00,379
2015-12-09 10:10:00,319
2015-12-09 10:20:00,348
2015-12-09 10:30:00,324
2015-12-09 10:40:00,324
2015-12-09 10:50:00,352
2015-12-09 11:00:00,319
2015-12-09 11:10:00,296
2015-12-09 11:20:00,285
2015-12-09 11:30:00,333
2015-12-09 11:40:00,305
2015-12-09 11:50:00,331
2015-12-09 12:00:00,291
2015-12-09 12:10:00,317
2015-12-09 12:20:00,303
2015-12-09 12:30:00,348
2015-12-09 12:40:00,342
2015-12-09 12:50:00,315
2015-12-09 13:00:00,331
2015-12-09 13:10:00,347
2015-12-09 13:20:00,307
2015-12-09 13:30:00,331
2015-12-09 13:40:00,348
2015-12-09 13:50:00,303
2015-12-09 14:00:00,323
2015-12-09 14:10:00,333
2015-12-09 14:20:00,391
2015-12-09 14:30:00,370
2015-12-09 14:40:00,414
2015-12-09 14:50:00,400
2015-12-09 15:00:00,362
2015-12-09 15:10:00,382
2015-12-09 15:20:00,382
2015-12-09 15:30:00,398
2015-12-09 15:40:00,421
2015-12-09 15:50:00,395
2015-12-09 16:00:00,398
2015-12-09 16:10:00,453
2015-12-09 16:20:00,430
2015-12-09 16:30:00,366
2015-12-09 16:40:00,474
2015-12-09 16:50:00,431
2015-12-09 17:00:00,436
2015-12-09 17:10:00,481
2015-12-09 17:20:00,492
2015-12-09 17:30:00,506
2015-12-09 17:40:00,515
2015-12-09 17:50:00,530
2015-12-09 18:00:00,530
2015-12-09 18:10:00,560
2015-12-09 18:20:00,508
2015-12-09 18:30:00,531
2015-12-09 18:40:00,586
2015-12-09 18:50:00,567
2015-12-09 19:00:00,523
2015-12-09 19:10:00,562
2015-12-09 19:20:00,588
2015-12-09 19:30:00,559
2015-12-09 19:40:00,536
2015-12-09 19:50:00,517
2015-12-09 20:00:00,538
2015-12-09 20:10:00,450
2015-12-09 20:20:00,470
2015-12-09 20:30:00,462
2015-12-09 20:40:00,450
2015-12-09 20:50:00,451
2015-12-09 21:00:00,472
2015-12-09 21:10:00,466
2015-12-09 21:20:00,451
2015-12-09 21:30:00,416
2015-12-09 21:40:00,368
2015-12-09 21:50:00,404
2015-12-09 22:00:00,404
2015-12-09 22:10:00,362
2015-12-09 22:20:00,426
2015-12-09 22:30:00,437
2015-12-09 22:40:00,389
2015-12-09 22:50:00,369
2015-12-09 23:00:00,366
2015-12-09 23:10:00,348
2015-12-09 23:20:00,341
2015-12-09 23:30:00,373
2015-12-09 23:40:00,340
2015-12-09 23:50:00,329
2015-12-10 00:00:00,321
2015-12-10 00:10:00,259
2015-12-10 00:20:00,280
2015-12-10 00:30:00,253
2015-12-10 00:40:00,246
2015-12-10 00:50:00,216
2015-12-10 01:00:00,223
2015-12-10 01:10:00,191
2015-12-10 01:20:00,185
2015-12-10 01:30:00,173
2015-12-10 01:40:00,180
2015-12-10 01:50:00,136
2015-12-10 02:00:00,138
2015-12-10 02:10:00,143
2015-12-10 02:20:00,126
2015-12-10 02:30:00,103
2015-12-10 02:40:00,93
2015-12-10 02:50:00,97
2015-12-10 03:00:00,78
2015-12-10 03:10:00,84
2015-12-10 03:20:00,79
2015-12-10 03:30:00,64
2015-12-10 03:40:00,70
2015-12-10 03:50:00,91
2015-12-10 04:00:00,85
2015-12-10 04:10:00,82
2015-12-10 04:20:00,78
2015-12-10 04:30:00,61
2015-12-10 04:40:00,69
2015-12-10 04:50:00,63
2015-12-10 05:00:00,56
2015-12-10 05:10:00,48
2015-12-10 05:20:00,67
2015-12-10 05:30:00,60
2015-12-10 05:40:00,72
2015-12-10 05:50:00,67
2015-12-10 06:00:00,85
2015-12-10 06:10:00,93
2015-12-10 06:20:00,103
2015-12-10 06:30:00,143
2015-12-10 06:40:00,169
2015-12-10 06:50:00,197
2015-12-10 07:00:00,188
2015-12-10 07:10:00,252
2015-12-10 07:20:00,260
2015-12-10 07:30:00,348
2015-12-10 07:40:00,380
2015-12-10 07:50:00,462
2015-12-10 08:00:00,440
2015-12-10 08:10:00,449
2015-12-10 08:20:00,439
2015-12-10 08:30:00,444
2015-12-10 08:40:00,439
2015-12-10 08:50:00,429
2015-12-10 09:00:00,428
2015-12-10 09:10:00,406
2015-12-10 09:20:00,405
2015-12-10 09:30:00,419
2015-12-10 09:40:00,401
2015-12-10 09:50:00,416
2015-12-10 10:00:00,358
2015-12-10 10:10:00,354
2015-12-10 10:20:00,332
2015-12-10 10:30:00,344
2015-12-10 10:40:00,358
2015-12-10 10:50:00,311
2015-12-10 11:00:00,323
2015-12-10 11:10:00,335
2015-12-10 11:20:00,318
2015-12-10 11:30:00,338
2015-12-10 11:40:00,313
2015-12-10 11:50:00,301
2015-12-10 12:00:00,311
2015-12-10 12:10:00,301
2015-12-10 12:20:00,304
2015-12-10 12:30:00,300
2015-12-10 12:40:00,312
2015-12-10 12:50:00,326
2015-12-10 13:00:00,315
2015-12-10 13:10:00,303
2015-12-10 13:20:00,325
2015-12-10 13:30:00,297
2015-12-10 13:40:00,367
2015-12-10 13:50:00,339
2015-12-10 14:00:00,350
2015-12-10 14:10:00,316
2015-12-10 14:20:00,374
2015-12-10 14:30:00,360
2015-12-10 14:40:00,382
2015-12-10 14:50:00,367
2015-12-10 15:00:00,394
2015-12-10 15:10:00,388
2015-12-10 15:20:00,412
2015-12-10 15:30:00,430
2015-12-10 15:40:00,411
2015-12-10 15:50:00,429
2015-12-10 16:00:00,447
2015-12-10 16:10:00,470
2015-12-10 16:20:00,437
2015-12-10 16:30:00,466
2015-12-10 16:40:00,478
2015-12-10 16:50:00,484
2015-12-10 17:00:00,490
2015-12-10 17:10:00,514
2015-12-10 17:20:00,532
2015-12-10 17:30:00,535
2015-12-10 17:40:00,582
2015-12-10 17:50:00,557
2015-12-10 18:00:00,568
2015-12-10 18:10:00,612
2015-12-10 18:20:00,603
2015-12-10 18:30:00,569
2015-12-10 18:40:00,656
2015-12-10 18:50:00,559
2015-12-10 19:00:00,579
2015-12-10 19:10:00,602
2015-12-10 19:20:00,582
2015-12-10 19:30:00,589
2015-12-10 19:40:00,589
2015-12-10 19:50:00,556
2015-12-10 20:00:00,536
2015-12-10 20:10:00,545
2015-12-10 20:20:00,555
2015-12-10 20:30:00,533
2015-12-10 20:40:00,568
2015-12-10 20:50:00,492
2015-12-10 21:00:00,506
2015-12-10 21:10:00,515
2015-12-10 21:20:00,510
2015-12-10 21:30:00,495
2015-12-10 21:40:00,499
2015-12-10 21:50:00,506
2015-12-10 22:00:00,540
2015-12-10 22:10:00,532
2015-12-10 22:20:00,452
2015-12-10 22:30:00,505
2015-12-10 22:40:00,458
2015-12-10 22:50:00,471
2015-12-10 23:00:00,483
2015-12-10 23:10:00,484
2015-12-10 23:20:00,453
2015-12-10 23:30:00,439
2015-12-10 23:40:00,400
2015-12-10 23:50:00,393
2015-12-11 00:00:00,410
2015-12-11 00:10:00,403
2015-12-11 00:20:00,436
2015-12-11 00:30:00,389
2015-12-11 00:40:00,351
2015-12-11 00:50:00,323
2015-12-11 01:00:00,336
2015-12-11 01:10:00,317
2015-12-11 01:20:00,298
2015-12-11 01:30:00,288
2015-12-11 01:40:00,270
2015-12-11 01:50:00,260
2015-12-11 02:00:00,241
2015-12-11 02:10:00,190
2015-12-11 02:20:00,208
2015-12-11 02:30:00,187
2015-12-11 02:40:00,157
2015-12-11 02:50:00,144
2015-12-11 03:00:00,112
2015-12-11 03:10:00,129
2015-12-11 03:20:00,103
2015-12-11 03:30:00,99
2015-12-11 03:40:00,103
2015-12-11 03:50:00,95
2015-12-11 04:00:00,113
2015-12-11 04:10:00,108
2015-12-11 04:20:00,96
2015-12-11 04:30:00,71
2015-12-11 04:40:00,81
2015-12-11 04:50:00,84
2015-12-11 05:00:00,65
2015-12-11 05:10:00,62
2015-12-11 05:20:00,61
2015-12-11 05:30:00,74
2015-12-11 05:40:00,73
2015-12-11 05:50:00,85
2015-12-11 06:00:00,93
2015-12-11 06:10:00,116
2015-12-11 06:20:00,115
2015-12-11 06:30:00,136
2015-12-11 06:40:00,175
2015-12-11 06:50:00,184
2015-12-11 07:00:00,211
2015-12-11 07:10:00,235
2015-12-11 07:20:00,292
2015-12-11 07:30:00,329
2015-12-11 07:40:00,389
2015-12-11 07:50:00,396
2015-12-11 08:00:00,418
2015-12-11 08:10:00,397
2015-12-11 08:20:00,474
2015-12-11 08:30:00,434
2015-12-11 08:40:00,460
2015-12-11 08:50:00,507
2015-12-11 09:00:00,442
2015-12-11 09:10:00,404
2015-12-11 09:20:00,436
2015-12-11 09:30:00,401
2015-12-11 09:40:00,454
2015-12-11 09:50:00,444
2015-12-11 10:00:00,385
2015-12-11 10:10:00,382
2015-12-11 10:20:00,341
2015-12-11 10:30:00,377
2015-12-11 10:40:00,364
2015-12-11 10:50:00,334
2015-12-11 11:00:00,330
2015-12-11 11:10:00,316
2015-12-11 11:20:00,344
2015-12-11 11:30:00,346
2015-12-11 11:40:00,318
2015-12-11 11:50:00,333
2015-12-11 12:00:00,328
2015-12-11 12:10:00,304
2015-12-11 12:20:00,318
2015-12-11 12:30:00,326
2015-12-11 12:40:00,327
2015-12-11 12:50:00,303
2015-12-11 13:00:00,295
2015-12-11 13:10:00,308
2015-12-11 13:20:00,291
2015-12-11 13:30:00,321
2015-12-11 13:40:00,328
2015-12-11 13:50:00,340
2015-12-11 14:00:00,344
2015-12-11 14:10:00,339
2015-12-11 14:20:00,365
2015-12-11 14:30:00,406
2015-12-11 14:40:00,445
2015-12-11 14:50:00,416
2015-12-11 15:00:00,433
2015-12-11 15:10:00,410
2015-12-11 15:20:00,469
2015-12-11 15:30:00,506
2015-12-11 15:40:00,442
2015-12-11 15:50:00,499
2015-12-11 16:00:00,491
2015-12-11 16:10:00,501
2015-12-11 16:20:00,495
2015-12-11 16:30:00,542
2015-12-11 16:40:00,485
2015-12-11 16:50:00,535
2015-12-11 17:00:00,549
2015-12-11 17:10:00,600
2015-12-11 17:20:00,561
2015-12-11 17:30:00,601
2015-12-11 17:40:00,599
2015-12-11 17:50:00,643
2015-12-11 18:00:00,643
2015-12-11 18:10:00,676
2015-12-11 18:20:00,646
2015-12-11 18:30:00,648
2015-12-11 18:40:00,713
2015-12-11 18:50:00,614
2015-12-11 19:00:00,709
2015-12-11 19:10:00,716
2015-12-11 19:20:00,710
2015-12-11 19:30:00,669
2015-12-11 19:40:00,736
2015-12-11 19:50:00,661
2015-12-11 20:00:00,653
2015-12-11 20:10:00,651
2015-12-11 20:20:00,664
2015-12-11 20:30:00,694
2015-12-11 20:40:00,635
2015-12-11 20:50:00,613
2015-12-11 21:00:00,663
2015-12-11 21:10:00,654
2015-12-11 21:20:00,642
2015-12-11 21:30:00,625
2015-12-11 21:40:00,614
2015-12-11 21:50:00,611
2015-12-11 22:00:00,624
2015-12-11 22:10:00,656
2015-12-11 22:20:00,646
2015-12-11 22:30:00,771
2015-12-11 22:40:00,757
2015-12-11 22:50:00,765
2015-12-11 23:00:00,750
2015-12-11 23:10:00,791
2015-12-11 23:20:00,788
2015-12-11 23:30:00,726
2015-12-11 23:40:00,766
2015-12-11 23:50:00,780
2015-12-12 00:00:00,766
2015-12-12 00:10:00,798
2015-12-12 00:20:00,707
2015-12-12 00:30:00,675
2015-12-12 00:40:00,680
2015-12-12 00:50:00,641
2015-12-12 01:00:00,649
2015-12-12 01:10:00,694
2015-12-12 01:20:00,607
2015-12-12 01:30:00,591
2015-12-12 01:40:00,569
2015-12-12 01:50:00,590
2015-12-12 02:00:00,555
2015-12-12 02:10:00,555
2015-12-12 02:20:00,496
2015-12-12 02:30:00,474
2015-12-12 02:40:00,469
2015-12-12 02:50:00,467
2015-12-12 03:00:00,411
2015-12-12 03:10:00,405
2015-12-12 03:20:00,392
2015-12-12 03:30:00,358
2015-12-12 03:40:00,370
2015-12-12 03:50:00,343
2015-12-12 04:00:00,403
2015-12-12 04:10:00,371
2015-12-12 04:20:00,317
2015-12-12 04:30:00,252
2015-12-12 04:40:00,233
2015-12-12 04:50:00,209
2015-12-12 05:00:00,179
2015-12-12 05:10:00,153
2015-12-12 05:20:00,139
2015-12-12 05:30:00,148
2015-12-12 05:40:00,104
2015-12-12 05:50:00,105
2015-12-12 06:00:00,109
2015-12-12 06:10:00,107
2015-12-12 06:20:00,111
2015-12-12 06:30:00,108
2015-12-12 06:40:00,131
2015-12-12 06:50:00,123
2015-12-12 07:00:00,116
2015-12-12 07:10:00,128
2015-12-12 07:20:00,139
2015-12-12 07:30:00,150
2015-12-12 07:40:00,166
2015-12-12 07:50:00,190
2015-12-12 08:00:00,181
2015-12-12 08:10:00,175
2015-12-12 08:20:00,193
2015-12-12 08:30:00,192
2015-12-12 08:40:00,249
2015-12-12 08:50:00,229
2015-12-12 09:00:00,225
2015-12-12 09:10:00,265
2015-12-12 09:20:00,273
2015-12-12 09:30:00,311
2015-12-12 09:40:00,280
2015-12-12 09:50:00,308
2015-12-12 10:00:00,329
2015-12-12 10:10:00,336
2015-12-12 10:20:00,318
2015-12-12 10:30:00,322
2015-12-12 10:40:00,311
2015-12-12 10:50:00,324
2015-12-12 11:00:00,352
2015-12-12 11:10:00,327
2015-12-12 11:20:00,342
2015-12-12 11:30:00,351
2015-12-12 11:40:00,418
2015-12-12 11:50:00,400
2015-12-12 12:00:00,365
2015-12-12 12:10:00,362
2015-12-12 12:20:00,359
2015-12-12 12:30:00,394
2015-12-12 12:40:00,381
2015-12-12 12:50:00,421
2015-12-12 13:00:00,418
2015-12-12 13:10:00,404
2015-12-12 13:20:00,439
2015-12-12 13:30:00,436
2015-12-12 13:40:00,433
2015-12-12 13:50:00,441
2015-12-12 14:00:00,409
2015-12-12 14:10:00,465
2015-12-12 14:20:00,440
2015-12-12 14:30:00,478
2015-12-12 14:40:00,476
2015-12-12 14:50:00,489
2015-12-12 15:00:00,453
2015-12-12 15:10:00,472
2015-12-12 15:20:00,421
2015-12-12 15:30:00,512
2015-12-12 15:40:00,511
2015-12-12 15:50:00,544
2015-12-12 16:00:00,493
2015-12-12 16:10:00,499
2015-12-12 16:20:00,481
2015-12-12 16:30:00,531
2015-12-12 16:40:00,538
2015-12-12 16:50:00,539
2015-12-12 17:00:00,541
2015-12-12 17:10:00,570
2015-12-12 17:20:00,544
2015-12-12 17:30:00,609
2015-12-12 17:40:00,551
2015-12-12 17:50:00,601
2015-12-12 18:00:00,575
2015-12-12 18:10:00,607
2015-12-12 18:20:00,594
2015-12-12 18:30:00,645
2015-12-12 18:40:00,673
2015-12-12 18:50:00,689
2015-12-12 19:00:00,721
2015-12-12 19:10:00,704
2015-12-12 19:20:00,685
2015-12-12 19:30:00,750
2015-12-12 19:40:00,718
2015-12-12 19:50:00,734
2015-12-12 20:00:00,735
2015-12-12 20:10:00,715
2015-12-12 20:20:00,719
2015-12-12 20:30:00,685
2015-12-12 20:40:00,631
2015-12-12 20:50:00,723
2015-12-12 21:00:00,684
2015-12-12 21:10:00,699
2015-12-12 21:20:00,685
2015-12-12 21:30:00,692
2015-12-12 21:40:00,669
2015-12-12 21:50:00,706
2015-12-12 22:00:00,713
2015-12-12 22:10:00,667
2015-12-12 22:20:00,720
2015-12-12 22:30:00,733
2015-12-12 22:40:00,757
2015-12-12 22:50:00,814
2015-12-12 23:00:00,751
2015-12-12 23:10:00,799
2015-12-12 23:20:00,796
2015-12-12 23:30:00,787
2015-12-12 23:40:00,790
2015-12-12 23:50:00,825
2015-12-13 00:00:00,839
2015-12-13 00:10:00,792
2015-12-13 00:20:00,785
2015-12-13 00:30:00,742
2015-12-13 00:40:00,783
2015-12-13 00:50:00,755
2015-12-13 01:00:00,859
2015-12-13 01:10:00,803
2015-12-13 01:20:00,750
2015-12-13 01:30:00,720
2015-12-13 01:40:00,711
2015-12-13 01:50:00,665
2015-12-13 02:00:00,700
2015-12-13 02:10:00,645
2015-12-13 02:20:00,621
2015-12-13 02:30:00,602
2015-12-13 02:40:00,572
2015-12-13 02:50:00,581
2015-12-13 03:00:00,584
2015-12-13 03:10:00,510
2015-12-13 03:20:00,470
2015-12-13 03:30:00,476
2015-12-13 03:40:00,512
2015-12-13 03:50:00,457
2015-12-13 04:00:00,516
2015-12-13 04:10:00,448
2015-12-13 04:20:00,386
2015-12-13 04:30:00,381
2015-12-13 04:40:00,301
2015-12-13 04:50:00,272
2015-12-13 05:00:00,267
2015-12-13 05:10:00,236
2015-12-13 05:20:00,230
2015-12-13 05:30:00,203
2015-12-13 05:40:00,162
2015-12-13 05:50:00,164
2015-12-13 06:00:00,141
2015-12-13 06:10:00,113
2015-12-13 06:20:00,132
2015-12-13 06:30:00,126
2015-12-13 06:40:00,153
2015-12-13 06:50:00,141
2015-12-13 07:00:00,123
2015-12-13 07:10:00,132
2015-12-13 07:20:00,131
2015-12-13 07:30:00,131
2015-12-13 07:40:00,141
2015-12-13 07:50:00,168
2015-12-13 08:00:00,148
2015-12-13 08:10:00,135
2015-12-13 08:20:00,131
2015-12-13 08:30:00,156
2015-12-13 08:40:00,163
2015-12-13 08:50:00,185
2015-12-13 09:00:00,181
2015-12-13 09:10:00,184
2015-12-13 09:20:00,210
2015-12-13 09:30:00,217
2015-12-13 09:40:00,228
2015-12-13 09:50:00,229
2015-12-13 10:00:00,229
2015-12-13 10:10:00,261
2015-12-13 10:20:00,279
2015-12-13 10:30:00,266
2015-12-13 10:40:00,337
2015-12-13 10:50:00,321
2015-12-13 11:00:00,346
2015-12-13 11:10:00,314
2015-12-13 11:20:00,357
2015-12-13 11:30:00,357
2015-12-13 11:40:00,319
2015-12-13 11:50:00,330
2015-12-13 12:00:00,340
2015-12-13 12:10:00,342
2015-12-13 12:20:00,358
2015-12-13 12:30:00,400
2015-12-13 12:40:00,368
2015-12-13 12:50:00,374
2015-12-13 13:00:00,369
2015-12-13 13:10:00,336
2015-12-13 13:20:00,374
2015-12-13 13:30:00,415
2015-12-13 13:40:00,387
2015-12-13 13:50:00,384
2015-12-13 14:00:00,427
2015-12-13 14:10:00,399
2015-12-13 14:20:00,377
2015-12-13 14:30:00,371
2015-12-13 14:40:00,439
2015-12-13 14:50:00,419
2015-12-13 15:00:00,404
2015-12-13 15:10:00,424
2015-12-13 15:20:00,469
2015-12-13 15:30:00,454
2015-12-13 15:40:00,501
2015-12-13 15:50:00,479
2015-12-13 16:00:00,476
2015-12-13 16:10:00,465
2015-12-13 16:20:00,496
2015-12-13 16:30:00,473
2015-12-13 16:40:00,479
2015-12-13 16:50:00,484
2015-12-13 17:00:00,496
2015-12-13 17:10:00,494
2015-12-13 17:20:00,491
2015-12-13 17:30:00,529
2015-12-13 17:40:00,497
2015-12-13 17:50:00,489
2015-12-13 18:00:00,534
2015-12-13 18:10:00,487
2015-12-13 18:20:00,482
2015-12-13 18:30:00,521
2015-12-13 18:40:00,495
2015-12-13 18:50:00,532
2015-12-13 19:00:00,461
2015-12-13 19:10:00,484
2015-12-13 19:20:00,501
2015-12-13 19:30:00,516
2015-12-13 19:40:00,498
2015-12-13 19:50:00,450
2015-12-13 20:00:00,432
2015-12-13 20:10:00,461
2015-12-13 20:20:00,404
2015-12-13 20:30:00,440
2015-12-13 20:40:00,437
2015-12-13 20:50:00,390
2015-12-13 21:00:00,431
2015-12-13 21:10:00,422
2015-12-13 21:20:00,395
2015-12-13 21:30:00,425
2015-12-13 21:40:00,387
2015-12-13 21:50:00,369
2015-12-13 22:00:00,374
2015-12-13 22:10:00,373
2015-12-13 22:20:00,358
2015-12-13 22:30:00,357
2015-12-13 22:40:00,322
2015-12-13 22:50:00,313
2015-12-13 23:00:00,325
2015-12-13 23:10:00,287
2015-12-13 23:20:00,293
2015-12-13 23:30:00,284
2015-12-13 23:40:00,287
2015-12-13 23:50:00,247
2015-12-14 00:00:00,246
2015-12-14 00:10:00,212
2015-12-14 00:20:00,207
2015-12-14 00:30:00,222
2015-12-14 00:40:00,207
2015-12-14 00:50:00,188
2015-12-14 01:00:00,173
2015-12-14 01:10:00,174
2015-12-14 01:20:00,172
2015-12-14 01:30:00,125
2015-12-14 01:40:00,127
2015-12-14 01:50:00,128
2015-12-14 02:00:00,118
2015-12-14 02:10:00,102
2015-12-14 02:20:00,114
2015-12-14 02:30:00,95
2015-12-14 02:40:00,93
2015-12-14 02:50:00,81
2015-12-14 03:00:00,73
2015-12-14 03:10:00,86
2015-12-14 03:20:00,69
2015-12-14 03:30:00,65
2015-12-14 03:40:00,67
2015-12-14 03:50:00,78
2015-12-14 04:00:00,86
2015-12-14 04:10:00,99
2015-12-14 04:20:00,98
2015-12-14 04:30:00,90
2015-12-14 04:40:00,78
2015-12-14 04:50:00,61
2015-12-14 05:00:00,73
2015-12-14 05:10:00,79
2015-12-14 05:20:00,90
2015-12-14 05:30:00,73
2015-12-14 05:40:00,86
2015-12-14 05:50:00,85
2015-12-14 06:00:00,97
2015-12-14 06:10:00,108
2015-12-14 06:20:00,127
2015-12-14 06:30:00,160
2015-12-14 06:40:00,166
2015-12-14 06:50:00,207
2015-12-14 07:00:00,224
2015-12-14 07:10:00,244
2015-12-14 07:20:00,265
2015-12-14 07:30:00,326
2015-12-14 07:40:00,360
2015-12-14 07:50:00,440
2015-12-14 08:00:00,412
2015-12-14 08:10:00,438
2015-12-14 08:20:00,458
2015-12-14 08:30:00,452
2015-12-14 08:40:00,480
2015-12-14 08:50:00,472
2015-12-14 09:00:00,436
2015-12-14 09:10:00,393
2015-12-14 09:20:00,377
2015-12-14 09:30:00,364
2015-12-14 09:40:00,392
2015-12-14 09:50:00,363
2015-12-14 10:00:00,315
2015-12-14 10:10:00,299
2015-12-14 10:20:00,338
2015-12-14 10:30:00,337
2015-12-14 10:40:00,336
2015-12-14 10:50:00,274
2015-12-14 11:00:00,285
2015-12-14 11:10:00,271
2015-12-14 11:20:00,272
2015-12-14 11:30:00,304
2015-12-14 11:40:00,307
2015-12-14 11:50:00,280
2015-12-14 12:00:00,288
2015-12-14 12:10:00,258
2015-12-14 12:20:00,321
2015-12-14 12:30:00,326
2015-12-14 12:40:00,312
2015-12-14 12:50:00,302
2015-12-14 13:00:00,264
2015-12-14 13:10:00,314
2015-12-14 13:20:00,276
2015-12-14 13:30:00,305
2015-12-14 13:40:00,299
2015-12-14 13:50:00,325
2015-12-14 14:00:00,305
2015-12-14 14:10:00,354
2015-12-14 14:20:00,322
2015-12-14 14:30:00,309
2015-12-14 14:40:00,307
2015-12-14 14:50:00,348
2015-12-14 15:00:00,328
2015-12-14 15:10:00,355
2015-12-14 15:20:00,374
2015-12-14 15:30:00,356
2015-12-14 15:40:00,387
2015-12-14 15:50:00,395
2015-12-14 16:00:00,379
2015-12-14 16:10:00,364
2015-12-14 16:20:00,399
2015-12-14 16:30:00,403
2015-12-14 16:40:00,429
2015-12-14 16:50:00,420
2015-12-14 17:00:00,426
2015-12-14 17:10:00,462
2015-12-14 17:20:00,456
2015-12-14 17:30:00,476
2015-12-14 17:40:00,474
2015-12-14 17:50:00,463
2015-12-14 18:00:00,460
2015-12-14 18:10:00,489
2015-12-14 18:20:00,506
2015-12-14 18:30:00,500
2015-12-14 18:40:00,532
2015-12-14 18:50:00,542
2015-12-14 19:00:00,585
2015-12-14 19:10:00,637
2015-12-14 19:20:00,736
2015-12-14 19:30:00,725
2015-12-14 19:40:00,744
2015-12-14 19:50:00,780
2015-12-14 20:00:00,689
2015-12-14 20:10:00,616
2015-12-14 20:20:00,523
2015-12-14 20:30:00,475
2015-12-14 20:40:00,387
2015-12-14 20:50:00,419
2015-12-14 21:00:00,419
2015-12-14 21:10:00,465
2015-12-14 21:20:00,420
2015-12-14 21:30:00,385
2015-12-14 21:40:00,384
2015-12-14 21:50:00,353
2015-12-14 22:00:00,375
2015-12-14 22:10:00,390
2015-12-14 22:20:00,332
2015-12-14 22:30:00,344
2015-12-14 22:40:00,287
2015-12-14 22:50:00,286
2015-12-14 23:00:00,311
2015-12-14 23:10:00,278
2015-12-14 23:20:00,290
2015-12-14 23:30:00,281
2015-12-14 23:40:00,276
2015-12-14 23:50:00,242
2015-12-15 00:00:00,224
2015-12-15 00:10:00,209
2015-12-15 00:20:00,189
2015-12-15 00:30:00,168
2015-12-15 00:40:00,184
2015-12-15 00:50:00,164
2015-12-15 01:00:00,171
2015-12-15 01:10:00,156
2015-12-15 01:20:00,105
2015-12-15 01:30:00,130
2015-12-15 01:40:00,100
2015-12-15 01:50:00,105
2015-12-15 02:00:00,114
2015-12-15 02:10:00,129
2015-12-15 02:20:00,74
2015-12-15 02:30:00,85
2015-12-15 02:40:00,76
2015-12-15 02:50:00,62
2015-12-15 03:00:00,82
2015-12-15 03:10:00,57
2015-12-15 03:20:00,68
2015-12-15 03:30:00,49
2015-12-15 03:40:00,61
2015-12-15 03:50:00,59
2015-12-15 04:00:00,82
2015-12-15 04:10:00,58
2015-12-15 04:20:00,64
2015-12-15 04:30:00,59
2015-12-15 04:40:00,64
2015-12-15 04:50:00,65
2015-12-15 05:00:00,54
2015-12-15 05:10:00,57
2015-12-15 05:20:00,64
2015-12-15 05:30:00,68
2015-12-15 05:40:00,78
2015-12-15 05:50:00,76
2015-12-15 06:00:00,72
2015-12-15 06:10:00,86
2015-12-15 06:20:00,92
2015-12-15 06:30:00,127
2015-12-15 06:40:00,156
2015-12-15 06:50:00,185
2015-12-15 07:00:00,186
2015-12-15 07:10:00,210
2015-12-15 07:20:00,287
2015-12-15 07:30:00,332
2015-12-15 07:40:00,378
2015-12-15 07:50:00,448
2015-12-15 08:00:00,426
2015-12-15 08:10:00,468
2015-12-15 08:20:00,422
2015-12-15 08:30:00,464
2015-12-15 08:40:00,508
2015-12-15 08:50:00,459
2015-12-15 09:00:00,456
2015-12-15 09:10:00,399
2015-12-15 09:20:00,402
2015-12-15 09:30:00,373
2015-12-15 09:40:00,376
2015-12-15 09:50:00,374
2015-12-15 10:00:00,358
2015-12-15 10:10:00,298
2015-12-15 10:20:00,305
2015-12-15 10:30:00,318
2015-12-15 10:40:00,316
2015-12-15 10:50:00,321
2015-12-15 11:00:00,309
2015-12-15 11:10:00,292
2015-12-15 11:20:00,338
2015-12-15 11:30:00,313
2015-12-15 11:40:00,299
2015-12-15 11:50:00,291
2015-12-15 12:00:00,286
2015-12-15 12:10:00,280
2015-12-15 12:20:00,294
2015-12-15 12:30:00,292
2015-12-15 12:40:00,296
2015-12-15 12:50:00,301
2015-12-15 13:00:00,315
2015-12-15 13:10:00,284
2015-12-15 13:20:00,308
2015-12-15 13:30:00,324
2015-12-15 13:40:00,298
2015-12-15 13:50:00,327
2015-12-15 14:00:00,329
2015-12-15 14:10:00,293
2015-12-15 14:20:00,337
2015-12-15 14:30:00,378
2015-12-15 14:40:00,350
2015-12-15 14:50:00,399
2015-12-15 15:00:00,361
2015-12-15 15:10:00,387
2015-12-15 15:20:00,407
2015-12-15 15:30:00,409
2015-12-15 15:40:00,419
2015-12-15 15:50:00,387
2015-12-15 16:00:00,397
2015-12-15 16:10:00,437
2015-12-15 16:20:00,399
2015-12-15 16:30:00,414
2015-12-15 16:40:00,432
2015-12-15 16:50:00,415
2015-12-15 17:00:00,492
2015-12-15 17:10:00,507
2015-12-15 17:20:00,450
2015-12-15 17:30:00,522
2015-12-15 17:40:00,526
2015-12-15 17:50:00,531
2015-12-15 18:00:00,547
2015-12-15 18:10:00,604
2015-12-15 18:20:00,555
2015-12-15 18:30:00,527
2015-12-15 18:40:00,537
2015-12-15 18:50:00,528
2015-12-15 19:00:00,553
2015-12-15 19:10:00,583
2015-12-15 19:20:00,596
2015-12-15 19:30:00,508
2015-12-15 19:40:00,524
2015-12-15 19:50:00,555
2015-12-15 20:00:00,472
2015-12-15 20:10:00,500
2015-12-15 20:20:00,464
2015-12-15 20:30:00,502
2015-12-15 20:40:00,447
2015-12-15 20:50:00,433
2015-12-15 21:00:00,469
2015-12-15 21:10:00,441
2015-12-15 21:20:00,436
2015-12-15 21:30:00,448
2015-12-15 21:40:00,472
2015-12-15 21:50:00,440
2015-12-15 22:00:00,423
2015-12-15 22:10:00,431
2015-12-15 22:20:00,421
2015-12-15 22:30:00,435
2015-12-15 22:40:00,395
2015-12-15 22:50:00,402
2015-12-15 23:00:00,399
2015-12-15 23:10:00,370
2015-12-15 23:20:00,383
2015-12-15 23:30:00,376
2015-12-15 23:40:00,328
2015-12-15 23:50:00,308
2015-12-16 00:00:00,358
2015-12-16 00:10:00,320
2015-12-16 00:20:00,248
2015-12-16 00:30:00,250
2015-12-16 00:40:00,217
2015-12-16 00:50:00,218
2015-12-16 01:00:00,219
2015-12-16 01:10:00,226
2015-12-16 01:20:00,183
2015-12-16 01:30:00,197
2015-12-16 01:40:00,139
2015-12-16 01:50:00,148
2015-12-16 02:00:00,145
2015-12-16 02:10:00,127
2015-12-16 02:20:00,125
2015-12-16 02:30:00,107
2015-12-16 02:40:00,93
2015-12-16 02:50:00,79
2015-12-16 03:00:00,83
2015-12-16 03:10:00,86
2015-12-16 03:20:00,100
2015-12-16 03:30:00,70
2015-12-16 03:40:00,83
2015-12-16 03:50:00,75
2015-12-16 04:00:00,95
2015-12-16 04:10:00,105
2015-12-16 04:20:00,71
2015-12-16 04:30:00,63
2015-12-16 04:40:00,68
2015-12-16 04:50:00,74
2015-12-16 05:00:00,60
2015-12-16 05:10:00,72
2015-12-16 05:20:00,57
2015-12-16 05:30:00,76
2015-12-16 05:40:00,55
2015-12-16 05:50:00,70
2015-12-16 06:00:00,68
2015-12-16 06:10:00,83
2015-12-16 06:20:00,129
2015-12-16 06:30:00,143
2015-12-16 06:40:00,165
2015-12-16 06:50:00,212
2015-12-16 07:00:00,172
2015-12-16 07:10:00,208
2015-12-16 07:20:00,281
2015-12-16 07:30:00,340
2015-12-16 07:40:00,362
2015-12-16 07:50:00,416
2015-12-16 08:00:00,428
2015-12-16 08:10:00,462
2015-12-16 08:20:00,429
2015-12-16 08:30:00,431
2015-12-16 08:40:00,466
2015-12-16 08:50:00,484
2015-12-16 09:00:00,423
2015-12-16 09:10:00,451
2015-12-16 09:20:00,400
2015-12-16 09:30:00,414
2015-12-16 09:40:00,427
2015-12-16 09:50:00,401
2015-12-16 10:00:00,388
2015-12-16 10:10:00,346
2015-12-16 10:20:00,362
2015-12-16 10:30:00,353
2015-12-16 10:40:00,358
2015-12-16 10:50:00,333
2015-12-16 11:00:00,309
2015-12-16 11:10:00,326
2015-12-16 11:20:00,284
2015-12-16 11:30:00,317
2015-12-16 11:40:00,312
2015-12-16 11:50:00,322
2015-12-16 12:00:00,317
2015-12-16 12:10:00,326
2015-12-16 12:20:00,319
2015-12-16 12:30:00,303
2015-12-16 12:40:00,341
2015-12-16 12:50:00,304
2015-12-16 13:00:00,294
2015-12-16 13:10:00,326
2015-12-16 13:20:00,290
2015-12-16 13:30:00,353
2015-12-16 13:40:00,334
2015-12-16 13:50:00,362
2015-12-16 14:00:00,365
2015-12-16 14:10:00,355
2015-12-16 14:20:00,367
2015-12-16 14:30:00,375
2015-12-16 14:40:00,377
2015-12-16 14:50:00,368
2015-12-16 15:00:00,387
2015-12-16 15:10:00,439
2015-12-16 15:20:00,411
2015-12-16 15:30:00,419
2015-12-16 15:40:00,479
2015-12-16 15:50:00,402
2015-12-16 16:00:00,422
2015-12-16 16:10:00,461
2015-12-16 16:20:00,472
2015-12-16 16:30:00,443
2015-12-16 16:40:00,454
2015-12-16 16:50:00,452
2015-12-16 17:00:00,504
2015-12-16 17:10:00,538
2015-12-16 17:20:00,539
2015-12-16 17:30:00,514
2015-12-16 17:40:00,538
2015-12-16 17:50:00,519
2015-12-16 18:00:00,532
2015-12-16 18:10:00,602
2015-12-16 18:20:00,590
2015-12-16 18:30:00,581
2015-12-16 18:40:00,579
2015-12-16 18:50:00,620
2015-12-16 19:00:00,585
2015-12-16 19:10:00,568
2015-12-16 19:20:00,554
2015-12-16 19:30:00,570
2015-12-16 19:40:00,571
2015-12-16 19:50:00,588
2015-12-16 20:00:00,544
2015-12-16 20:10:00,538
2015-12-16 20:20:00,519
2015-12-16 20:30:00,574
2015-12-16 20:40:00,568
2015-12-16 20:50:00,547
2015-12-16 21:00:00,548
2015-12-16 21:10:00,566
2015-12-16 21:20:00,526
2015-12-16 21:30:00,550
2015-12-16 21:40:00,549
2015-12-16 21:50:00,560
2015-12-16 22:00:00,575
2015-12-16 22:10:00,535
2015-12-16 22:20:00,501
2015-12-16 22:30:00,495
2015-12-16 22:40:00,442
2015-12-16 22:50:00,449
2015-12-16 23:00:00,467
2015-12-16 23:10:00,437
2015-12-16 23:20:00,444
2015-12-16 23:30:00,431
2015-12-16 23:40:00,426
2015-12-16 23:50:00,376
2015-12-17 00:00:00,402
2015-12-17 00:10:00,291
2015-12-17 00:20:00,319
2015-12-17 00:30:00,302
2015-12-17 00:40:00,267
2015-12-17 00:50:00,255
2015-12-17 01:00:00,248
2015-12-17 01:10:00,202
2015-12-17 01:20:00,208
2015-12-17 01:30:00,206
2015-12-17 01:40:00,191
2015-12-17 01:50:00,154
2015-12-17 02:00:00,150
2015-12-17 02:10:00,140
2015-12-17 02:20:00,160
2015-12-17 02:30:00,127
2015-12-17 02:40:00,112
2015-12-17 02:50:00,96
2015-12-17 03:00:00,104
2015-12-17 03:10:00,99
2015-12-17 03:20:00,73
2015-12-17 03:30:00,77
2015-12-17 03:40:00,80
2015-12-17 03:50:00,71
2015-12-17 04:00:00,108
2015-12-17 04:10:00,81
2015-12-17 04:20:00,73
2015-12-17 04:30:00,61
2015-12-17 04:40:00,64
2015-12-17 04:50:00,50
2015-12-17 05:00:00,54
2015-12-17 05:10:00,67
2015-12-17 05:20:00,61
2015-12-17 05:30:00,92
2015-12-17 05:40:00,72
2015-12-17 05:50:00,89
2015-12-17 06:00:00,100
2015-12-17 06:10:00,89
2015-12-17 06:20:00,115
2015-12-17 06:30:00,152
2015-12-17 06:40:00,181
2015-12-17 06:50:00,201
2015-12-17 07:00:00,213
2015-12-17 07:10:00,231
2015-12-17 07:20:00,302
2015-12-17 07:30:00,343
2015-12-17 07:40:00,379
2015-12-17 07:50:00,424
2015-12-17 08:00:00,447
2015-12-17 08:10:00,482
2015-12-17 08:20:00,501
2015-12-17 08:30:00,477
2015-12-17 08:40:00,545
2015-12-17 08:50:00,544
2015-12-17 09:00:00,453
2015-12-17 09:10:00,459
2015-12-17 09:20:00,453
2015-12-17 09:30:00,446
2015-12-17 09:40:00,439
2015-12-17 09:50:00,422
2015-12-17 10:00:00,454
2015-12-17 10:10:00,385
2015-12-17 10:20:00,410
2015-12-17 10:30:00,379
2015-12-17 10:40:00,387
2015-12-17 10:50:00,378
2015-12-17 11:00:00,413
2015-12-17 11:10:00,399
2015-12-17 11:20:00,374
2015-12-17 11:30:00,446
2015-12-17 11:40:00,396
2015-12-17 11:50:00,405
2015-12-17 12:00:00,389
2015-12-17 12:10:00,405
2015-12-17 12:20:00,421
2015-12-17 12:30:00,417
2015-12-17 12:40:00,420
2015-12-17 12:50:00,430
2015-12-17 13:00:00,422
2015-12-17 13:10:00,425
2015-12-17 13:20:00,395
2015-12-17 13:30:00,433
2015-12-17 13:40:00,420
2015-12-17 13:50:00,433
2015-12-17 14:00:00,387
2015-12-17 14:10:00,422
2015-12-17 14:20:00,485
2015-12-17 14:30:00,502
2015-12-17 14:40:00,525
2015-12-17 14:50:00,551
2015-12-17 15:00:00,509
2015-12-17 15:10:00,531
2015-12-17 15:20:00,603
2015-12-17 15:30:00,603
2015-12-17 15:40:00,607
2015-12-17 15:50:00,586
2015-12-17 16:00:00,582
2015-12-17 16:10:00,619
2015-12-17 16:20:00,606
2015-12-17 16:30:00,609
2015-12-17 16:40:00,564
2015-12-17 16:50:00,584
2015-12-17 17:00:00,570
2015-12-17 17:10:00,672
2015-12-17 17:20:00,662
2015-12-17 17:30:00,622
2015-12-17 17:40:00,586
2015-12-17 17:50:00,603
2015-12-17 18:00:00,622
2015-12-17 18:10:00,636
2015-12-17 18:20:00,624
2015-12-17 18:30:00,618
2015-12-17 18:40:00,613
2015-12-17 18:50:00,642
2015-12-17 19:00:00,606
2015-12-17 19:10:00,679
2015-12-17 19:20:00,592
2015-12-17 19:30:00,591
2015-12-17 19:40:00,606
2015-12-17 19:50:00,577
2015-12-17 20:00:00,577
2015-12-17 20:10:00,546
2015-12-17 20:20:00,535
2015-12-17 20:30:00,536
2015-12-17 20:40:00,508
2015-12-17 20:50:00,529
2015-12-17 21:00:00,534
2015-12-17 21:10:00,547
2015-12-17 21:20:00,494
2015-12-17 21:30:00,557
2015-12-17 21:40:00,509
2015-12-17 21:50:00,491
2015-12-17 22:00:00,488
2015-12-17 22:10:00,486
2015-12-17 22:20:00,526
2015-12-17 22:30:00,536
2015-12-17 22:40:00,511
2015-12-17 22:50:00,550
2015-12-17 23:00:00,536
2015-12-17 23:10:00,489
2015-12-17 23:20:00,507
2015-12-17 23:30:00,487
2015-12-17 23:40:00,476
2015-12-17 23:50:00,429
2015-12-18 00:00:00,433
2015-12-18 00:10:00,467
2015-12-18 00:20:00,400
2015-12-18 00:30:00,396
2015-12-18 00:40:00,379
2015-12-18 00:50:00,336
2015-12-18 01:00:00,340
2015-12-18 01:10:00,309
2015-12-18 01:20:00,294
2015-12-18 01:30:00,274
2015-12-18 01:40:00,266
2015-12-18 01:50:00,255
2015-12-18 02:00:00,227
2015-12-18 02:10:00,215
2015-12-18 02:20:00,200
2015-12-18 02:30:00,181
2015-12-18 02:40:00,171
2015-12-18 02:50:00,168
2015-12-18 03:00:00,154
2015-12-18 03:10:00,125
2015-12-18 03:20:00,136
2015-12-18 03:30:00,114
2015-12-18 03:40:00,130
2015-12-18 03:50:00,119
2015-12-18 04:00:00,130
2015-12-18 04:10:00,93
2015-12-18 04:20:00,103
2015-12-18 04:30:00,83
2015-12-18 04:40:00,101
2015-12-18 04:50:00,81
2015-12-18 05:00:00,72
2015-12-18 05:10:00,85
2015-12-18 05:20:00,88
2015-12-18 05:30:00,91
2015-12-18 05:40:00,71
2015-12-18 05:50:00,84
2015-12-18 06:00:00,93
2015-12-18 06:10:00,106
2015-12-18 06:20:00,110
2015-12-18 06:30:00,144
2015-12-18 06:40:00,193
2015-12-18 06:50:00,201
2015-12-18 07:00:00,205
2015-12-18 07:10:00,251
2015-12-18 07:20:00,308
2015-12-18 07:30:00,338
2015-12-18 07:40:00,396
2015-12-18 07:50:00,448
2015-12-18 08:00:00,438
2015-12-18 08:10:00,469
2015-12-18 08:20:00,428
2015-12-18 08:30:00,476
2015-12-18 08:40:00,529
2015-12-18 08:50:00,468
2015-12-18 09:00:00,490
2015-12-18 09:10:00,452
2015-12-18 09:20:00,422
2015-12-18 09:30:00,435
2015-12-18 09:40:00,471
2015-12-18 09:50:00,426
2015-12-18 10:00:00,451
2015-12-18 10:10:00,421
2015-12-18 10:20:00,423
2015-12-18 10:30:00,451
2015-12-18 10:40:00,393
2015-12-18 10:50:00,428
2015-12-18 11:00:00,415
2015-12-18 11:10:00,395
2015-12-18 11:20:00,391
2015-12-18 11:30:00,425
2015-12-18 11:40:00,402
2015-12-18 11:50:00,363
2015-12-18 12:00:00,363
2015-12-18 12:10:00,375
2015-12-18 12:20:00,332
2015-12-18 12:30:00,315
2015-12-18 12:40:00,332
2015-12-18 12:50:00,337
2015-12-18 13:00:00,345
2015-12-18 13:10:00,348
2015-12-18 13:20:00,367
2015-12-18 13:30:00,349
2015-12-18 13:40:00,366
2015-12-18 13:50:00,402
2015-12-18 14:00:00,395
2015-12-18 14:10:00,442
2015-12-18 14:20:00,415
2015-12-18 14:30:00,447
2015-12-18 14:40:00,428
2015-12-18 14:50:00,437
2015-12-18 15:00:00,514
2015-12-18 15:10:00,492
2015-12-18 15:20:00,519
2015-12-18 15:30:00,544
2015-12-18 15:40:00,527
2015-12-18 15:50:00,513
2015-12-18 16:00:00,556
2015-12-18 16:10:00,608
2015-12-18 16:20:00,586
2015-12-18 16:30:00,588
2015-12-18 16:40:00,563
2015-12-18 16:50:00,582
2015-12-18 17:00:00,646
2015-12-18 17:10:00,695
2015-12-18 17:20:00,706
2015-12-18 17:30:00,703
2015-12-18 17:40:00,768
2015-12-18 17:50:00,759
2015-12-18 18:00:00,776
2015-12-18 18:10:00,790
2015-12-18 18:20:00,809
2015-12-18 18:30:00,828
2015-12-18 18:40:00,818
2015-12-18 18:50:00,824
2015-12-18 19:00:00,758
2015-12-18 19:10:00,862
2015-12-18 19:20:00,846
2015-12-18 19:30:00,778
2015-12-18 19:40:00,812
2015-12-18 19:50:00,867
2015-12-18 20:00:00,853
2015-12-18 20:10:00,839
2015-12-18 20:20:00,850
2015-12-18 20:30:00,805
2015-12-18 20:40:00,761
2015-12-18 20:50:00,816
2015-12-18 21:00:00,789
2015-12-18 21:10:00,785
2015-12-18 21:20:00,771
2015-12-18 21:30:00,776
2015-12-18 21:40:00,774
2015-12-18 21:50:00,763
2015-12-18 22:00:00,808
2015-12-18 22:10:00,760
2015-12-18 22:20:00,755
2015-12-18 22:30:00,785
2015-12-18 22:40:00,706
2015-12-18 22:50:00,799
2015-12-18 23:00:00,796
2015-12-18 23:10:00,785
2015-12-18 23:20:00,768
2015-12-18 23:30:00,825
2015-12-18 23:40:00,760
2015-12-18 23:50:00,747
2015-12-19 00:00:00,810
2015-12-19 00:10:00,795
2015-12-19 00:20:00,731
2015-12-19 00:30:00,730
2015-12-19 00:40:00,738
2015-12-19 00:50:00,715
2015-12-19 01:00:00,683
2015-12-19 01:10:00,660
2015-12-19 01:20:00,674
2015-12-19 01:30:00,686
2015-12-19 01:40:00,613
2015-12-19 01:50:00,604
2015-12-19 02:00:00,620
2015-12-19 02:10:00,556
2015-12-19 02:20:00,555
2015-12-19 02:30:00,504
2015-12-19 02:40:00,475
2015-12-19 02:50:00,480
2015-12-19 03:00:00,462
2015-12-19 03:10:00,440
2015-12-19 03:20:00,416
2015-12-19 03:30:00,453
2015-12-19 03:40:00,401
2015-12-19 03:50:00,424
2015-12-19 04:00:00,428
2015-12-19 04:10:00,407
2015-12-19 04:20:00,355
2015-12-19 04:30:00,299
2015-12-19 04:40:00,238
2015-12-19 04:50:00,223
2015-12-19 05:00:00,249
2015-12-19 05:10:00,163
2015-12-19 05:20:00,167
2015-12-19 05:30:00,172
2015-12-19 05:40:00,154
2015-12-19 05:50:00,116
2015-12-19 06:00:00,138
2015-12-19 06:10:00,134
2015-12-19 06:20:00,115
2015-12-19 06:30:00,118
2015-12-19 06:40:00,147
2015-12-19 06:50:00,137
2015-12-19 07:00:00,123
2015-12-19 07:10:00,111
2015-12-19 07:20:00,148
2015-12-19 07:30:00,154
2015-12-19 07:40:00,168
2015-12-19 07:50:00,202
2015-12-19 08:00:00,176
2015-12-19 08:10:00,173
2015-12-19 08:20:00,194
2015-12-19 08:30:00,220
2015-12-19 08:40:00,236
2015-12-19 08:50:00,252
2015-12-19 09:00:00,225
2015-12-19 09:10:00,257
2015-12-19 09:20:00,281
2015-12-19 09:30:00,326
2015-12-19 09:40:00,365
2015-12-19 09:50:00,339
2015-12-19 10:00:00,336
2015-12-19 10:10:00,334
2015-12-19 10:20:00,323
2015-12-19 10:30:00,343
2015-12-19 10:40:00,354
2015-12-19 10:50:00,390
2015-12-19 11:00:00,354
2015-12-19 11:10:00,359
2015-12-19 11:20:00,370
2015-12-19 11:30:00,417
2015-12-19 11:40:00,465
2015-12-19 11:50:00,446
2015-12-19 12:00:00,425
2015-12-19 12:10:00,397
2015-12-19 12:20:00,438
2015-12-19 12:30:00,442
2015-12-19 12:40:00,440
2015-12-19 12:50:00,437
2015-12-19 13:00:00,436
2015-12-19 13:10:00,437
2015-12-19 13:20:00,461
2015-12-19 13:30:00,486
2015-12-19 13:40:00,473
2015-12-19 13:50:00,467
2015-12-19 14:00:00,474
2015-12-19 14:10:00,433
2015-12-19 14:20:00,458
2015-12-19 14:30:00,474
2015-12-19 14:40:00,497
2015-12-19 14:50:00,498
2015-12-19 15:00:00,530
2015-12-19 15:10:00,561
2015-12-19 15:20:00,544
2015-12-19 15:30:00,588
2015-12-19 15:40:00,565
2015-12-19 15:50:00,581
2015-12-19 16:00:00,581
2015-12-19 16:10:00,626
2015-12-19 16:20:00,576
2015-12-19 16:30:00,597
2015-12-19 16:40:00,591
2015-12-19 16:50:00,602
2015-12-19 17:00:00,631
2015-12-19 17:10:00,670
2015-12-19 17:20:00,655
2015-12-19 17:30:00,694
2015-12-19 17:40:00,667
2015-12-19 17:50:00,650
2015-12-19 18:00:00,688
2015-12-19 18:10:00,691
2015-12-19 18:20:00,667
2015-12-19 18:30:00,687
2015-12-19 18:40:00,769
2015-12-19 18:50:00,759
2015-12-19 19:00:00,751
2015-12-19 19:10:00,781
2015-12-19 19:20:00,773
2015-12-19 19:30:00,803
2015-12-19 19:40:00,776
2015-12-19 19:50:00,759
2015-12-19 20:00:00,756
2015-12-19 20:10:00,748
2015-12-19 20:20:00,750
2015-12-19 20:30:00,731
2015-12-19 20:40:00,753
2015-12-19 20:50:00,692
2015-12-19 21:00:00,754
2015-12-19 21:10:00,714
2015-12-19 21:20:00,709
2015-12-19 21:30:00,723
2015-12-19 21:40:00,752
2015-12-19 21:50:00,714
2015-12-19 22:00:00,685
2015-12-19 22:10:00,747
2015-12-19 22:20:00,735
2015-12-19 22:30:00,740
2015-12-19 22:40:00,796
2015-12-19 22:50:00,731
2015-12-19 23:00:00,806
2015-12-19 23:10:00,771
2015-12-19 23:20:00,741
2015-12-19 23:30:00,800
2015-12-19 23:40:00,847
2015-12-19 23:50:00,769
2015-12-20 00:00:00,848
2015-12-20 00:10:00,816
2015-12-20 00:20:00,741
2015-12-20 00:30:00,749
2015-12-20 00:40:00,755
2015-12-20 00:50:00,748
2015-12-20 01:00:00,741
2015-12-20 01:10:00,696
2015-12-20 01:20:00,636
2015-12-20 01:30:00,651
2015-12-20 01:40:00,633
2015-12-20 01:50:00,623
2015-12-20 02:00:00,616
2015-12-20 02:10:00,600
2015-12-20 02:20:00,623
2015-12-20 02:30:00,554
2015-12-20 02:40:00,514
2015-12-20 02:50:00,518
2015-12-20 03:00:00,523
2015-12-20 03:10:00,515
2015-12-20 03:20:00,487
2015-12-20 03:30:00,513
2015-12-20 03:40:00,475
2015-12-20 03:50:00,438
2015-12-20 04:00:00,494
2015-12-20 04:10:00,404
2015-12-20 04:20:00,356
2015-12-20 04:30:00,344
2015-12-20 04:40:00,260
2015-12-20 04:50:00,219
2015-12-20 05:00:00,274
2015-12-20 05:10:00,234
2015-12-20 05:20:00,211
2015-12-20 05:30:00,188
2015-12-20 05:40:00,175
2015-12-20 05:50:00,153
2015-12-20 06:00:00,140
2015-12-20 06:10:00,128
2015-12-20 06:20:00,127
2015-12-20 06:30:00,105
2015-12-20 06:40:00,125
2015-12-20 06:50:00,106
2015-12-20 07:00:00,123
2015-12-20 07:10:00,116
2015-12-20 07:20:00,122
2015-12-20 07:30:00,133
2015-12-20 07:40:00,131
2015-12-20 07:50:00,148
2015-12-20 08:00:00,146
2015-12-20 08:10:00,141
2015-12-20 08:20:00,145
2015-12-20 08:30:00,164
2015-12-20 08:40:00,163
2015-12-20 08:50:00,162
2015-12-20 09:00:00,184
2015-12-20 09:10:00,176
2015-12-20 09:20:00,223
2015-12-20 09:30:00,251
2015-12-20 09:40:00,250
2015-12-20 09:50:00,260
2015-12-20 10:00:00,255
2015-12-20 10:10:00,272
2015-12-20 10:20:00,263
2015-12-20 10:30:00,331
2015-12-20 10:40:00,309
2015-12-20 10:50:00,323
2015-12-20 11:00:00,329
2015-12-20 11:10:00,323
2015-12-20 11:20:00,314
2015-12-20 11:30:00,365
2015-12-20 11:40:00,348
2015-12-20 11:50:00,338
2015-12-20 12:00:00,339
2015-12-20 12:10:00,394
2015-12-20 12:20:00,339
2015-12-20 12:30:00,372
2015-12-20 12:40:00,360
2015-12-20 12:50:00,372
2015-12-20 13:00:00,353
2015-12-20 13:10:00,357
2015-12-20 13:20:00,354
2015-12-20 13:30:00,365
2015-12-20 13:40:00,413
2015-12-20 13:50:00,387
2015-12-20 14:00:00,396
2015-12-20 14:10:00,399
2015-12-20 14:20:00,392
2015-12-20 14:30:00,432
2015-12-20 14:40:00,392
2015-12-20 14:50:00,413
2015-12-20 15:00:00,445
2015-12-20 15:10:00,480
2015-12-20 15:20:00,413
2015-12-20 15:30:00,484
2015-12-20 15:40:00,463
2015-12-20 15:50:00,485
2015-12-20 16:00:00,499
2015-12-20 16:10:00,493
2015-12-20 16:20:00,492
2015-12-20 16:30:00,506
2015-12-20 16:40:00,477
2015-12-20 16:50:00,518
2015-12-20 17:00:00,494
2015-12-20 17:10:00,538
2015-12-20 17:20:00,519
2015-12-20 17:30:00,592
2015-12-20 17:40:00,518
2015-12-20 17:50:00,513
2015-12-20 18:00:00,554
2015-12-20 18:10:00,503
2015-12-20 18:20:00,506
2015-12-20 18:30:00,536
2015-12-20 18:40:00,539
2015-12-20 18:50:00,520
2015-12-20 19:00:00,535
2015-12-20 19:10:00,520
2015-12-20 19:20:00,518
2015-12-20 19:30:00,521
2015-12-20 19:40:00,492
2015-12-20 19:50:00,529
2015-12-20 20:00:00,479
2015-12-20 20:10:00,512
2015-12-20 20:20:00,475
2015-12-20 20:30:00,496
2015-12-20 20:40:00,450
2015-12-20 20:50:00,426
2015-12-20 21:00:00,448
2015-12-20 21:10:00,408
2015-12-20 21:20:00,463
2015-12-20 21:30:00,424
2015-12-20 21:40:00,402
2015-12-20 21:50:00,414
2015-12-20 22:00:00,404
2015-12-20 22:10:00,379
2015-12-20 22:20:00,362
2015-12-20 22:30:00,409
2015-12-20 22:40:00,393
2015-12-20 22:50:00,379
2015-12-20 23:00:00,343
2015-12-20 23:10:00,323
2015-12-20 23:20:00,318
2015-12-20 23:30:00,343
2015-12-20 23:40:00,304
2015-12-20 23:50:00,252
2015-12-21 00:00:00,289
2015-12-21 00:10:00,275
2015-12-21 00:20:00,247
2015-12-21 00:30:00,229
2015-12-21 00:40:00,211
2015-12-21 00:50:00,209
2015-12-21 01:00:00,218
2015-12-21 01:10:00,199
2015-12-21 01:20:00,178
2015-12-21 01:30:00,164
2015-12-21 01:40:00,168
2015-12-21 01:50:00,148
2015-12-21 02:00:00,138
2015-12-21 02:10:00,133
2015-12-21 02:20:00,120
2015-12-21 02:30:00,104
2015-12-21 02:40:00,102
2015-12-21 02:50:00,88
2015-12-21 03:00:00,87
2015-12-21 03:10:00,72
2015-12-21 03:20:00,75
2015-12-21 03:30:00,91
2015-12-21 03:40:00,87
2015-12-21 03:50:00,82
2015-12-21 04:00:00,119
2015-12-21 04:10:00,80
2015-12-21 04:20:00,114
2015-12-21 04:30:00,88
2015-12-21 04:40:00,81
2015-12-21 04:50:00,71
2015-12-21 05:00:00,67
2015-12-21 05:10:00,77
2015-12-21 05:20:00,85
2015-12-21 05:30:00,77
2015-12-21 05:40:00,81
2015-12-21 05:50:00,89
2015-12-21 06:00:00,82
2015-12-21 06:10:00,108
2015-12-21 06:20:00,118
2015-12-21 06:30:00,142
2015-12-21 06:40:00,124
2015-12-21 06:50:00,185
2015-12-21 07:00:00,189
2015-12-21 07:10:00,211
2015-12-21 07:20:00,257
2015-12-21 07:30:00,299
2015-12-21 07:40:00,375
2015-12-21 07:50:00,403
2015-12-21 08:00:00,404
2015-12-21 08:10:00,400
2015-12-21 08:20:00,422
2015-12-21 08:30:00,409
2015-12-21 08:40:00,445
2015-12-21 08:50:00,414
2015-12-21 09:00:00,421
2015-12-21 09:10:00,408
2015-12-21 09:20:00,378
2015-12-21 09:30:00,348
2015-12-21 09:40:00,375
2015-12-21 09:50:00,372
2015-12-21 10:00:00,319
2015-12-21 10:10:00,318
2015-12-21 10:20:00,314
2015-12-21 10:30:00,347
2015-12-21 10:40:00,339
2015-12-21 10:50:00,320
2015-12-21 11:00:00,291
2015-12-21 11:10:00,328
2015-12-21 11:20:00,296
2015-12-21 11:30:00,315
2015-12-21 11:40:00,327
2015-12-21 11:50:00,284
2015-12-21 12:00:00,328
2015-12-21 12:10:00,315
2015-12-21 12:20:00,311
2015-12-21 12:30:00,337
2015-12-21 12:40:00,323
2015-12-21 12:50:00,302
2015-12-21 13:00:00,339
2015-12-21 13:10:00,308
2015-12-21 13:20:00,324
2015-12-21 13:30:00,336
2015-12-21 13:40:00,356
2015-12-21 13:50:00,359
2015-12-21 14:00:00,339
2015-12-21 14:10:00,343
2015-12-21 14:20:00,355
2015-12-21 14:30:00,372
2015-12-21 14:40:00,360
2015-12-21 14:50:00,373
2015-12-21 15:00:00,364
2015-12-21 15:10:00,381
2015-12-21 15:20:00,398
2015-12-21 15:30:00,388
2015-12-21 15:40:00,411
2015-12-21 15:50:00,453
2015-12-21 16:00:00,435
2015-12-21 16:10:00,419
2015-12-21 16:20:00,396
2015-12-21 16:30:00,445
2015-12-21 16:40:00,426
2015-12-21 16:50:00,411
2015-12-21 17:00:00,428
2015-12-21 17:10:00,456
2015-12-21 17:20:00,499
2015-12-21 17:30:00,462
2015-12-21 17:40:00,468
2015-12-21 17:50:00,491
2015-12-21 18:00:00,518
2015-12-21 18:10:00,513
2015-12-21 18:20:00,511
2015-12-21 18:30:00,520
2015-12-21 18:40:00,518
2015-12-21 18:50:00,523
2015-12-21 19:00:00,502
2015-12-21 19:10:00,498
2015-12-21 19:20:00,487
2015-12-21 19:30:00,454
2015-12-21 19:40:00,504
2015-12-21 19:50:00,495
2015-12-21 20:00:00,473
2015-12-21 20:10:00,433
2015-12-21 20:20:00,447
2015-12-21 20:30:00,453
2015-12-21 20:40:00,427
2015-12-21 20:50:00,404
2015-12-21 21:00:00,425
2015-12-21 21:10:00,406
2015-12-21 21:20:00,389
2015-12-21 21:30:00,403
2015-12-21 21:40:00,379
2015-12-21 21:50:00,398
2015-12-21 22:00:00,347
2015-12-21 22:10:00,366
2015-12-21 22:20:00,313
2015-12-21 22:30:00,358
2015-12-21 22:40:00,323
2015-12-21 22:50:00,321
2015-12-21 23:00:00,353
2015-12-21 23:10:00,343
2015-12-21 23:20:00,314
2015-12-21 23:30:00,302
2015-12-21 23:40:00,309
2015-12-21 23:50:00,259
2015-12-22 00:00:00,287
2015-12-22 00:10:00,229
2015-12-22 00:20:00,230
2015-12-22 00:30:00,242
2015-12-22 00:40:00,194
2015-12-22 00:50:00,191
2015-12-22 01:00:00,177
2015-12-22 01:10:00,189
2015-12-22 01:20:00,167
2015-12-22 01:30:00,144
2015-12-22 01:40:00,145
2015-12-22 01:50:00,135
2015-12-22 02:00:00,125
2015-12-22 02:10:00,125
2015-12-22 02:20:00,104
2015-12-22 02:30:00,94
2015-12-22 02:40:00,100
2015-12-22 02:50:00,74
2015-12-22 03:00:00,76
2015-12-22 03:10:00,59
2015-12-22 03:20:00,76
2015-12-22 03:30:00,87
2015-12-22 03:40:00,75
2015-12-22 03:50:00,70
2015-12-22 04:00:00,60
2015-12-22 04:10:00,72
2015-12-22 04:20:00,84
2015-12-22 04:30:00,76
2015-12-22 04:40:00,72
2015-12-22 04:50:00,79
2015-12-22 05:00:00,63
2015-12-22 05:10:00,67
2015-12-22 05:20:00,65
2015-12-22 05:30:00,81
2015-12-22 05:40:00,84
2015-12-22 05:50:00,79
2015-12-22 06:00:00,91
2015-12-22 06:10:00,84
2015-12-22 06:20:00,120
2015-12-22 06:30:00,117
2015-12-22 06:40:00,144
2015-12-22 06:50:00,175
2015-12-22 07:00:00,174
2015-12-22 07:10:00,227
2015-12-22 07:20:00,230
2015-12-22 07:30:00,274
2015-12-22 07:40:00,325
2015-12-22 07:50:00,377
2015-12-22 08:00:00,331
2015-12-22 08:10:00,419
2015-12-22 08:20:00,384
2015-12-22 08:30:00,406
2015-12-22 08:40:00,429
2015-12-22 08:50:00,413
2015-12-22 09:00:00,365
2015-12-22 09:10:00,425
2015-12-22 09:20:00,384
2015-12-22 09:30:00,390
2015-12-22 09:40:00,422
2015-12-22 09:50:00,379
2015-12-22 10:00:00,370
2015-12-22 10:10:00,348
2015-12-22 10:20:00,347
2015-12-22 10:30:00,351
2015-12-22 10:40:00,376
2015-12-22 10:50:00,364
2015-12-22 11:00:00,340
2015-12-22 11:10:00,416
2015-12-22 11:20:00,393
2015-12-22 11:30:00,378
2015-12-22 11:40:00,403
2015-12-22 11:50:00,371
2015-12-22 12:00:00,405
2015-12-22 12:10:00,358
2015-12-22 12:20:00,373
2015-12-22 12:30:00,318
2015-12-22 12:40:00,337
2015-12-22 12:50:00,338
2015-12-22 13:00:00,383
2015-12-22 13:10:00,372
2015-12-22 13:20:00,380
2015-12-22 13:30:00,372
2015-12-22 13:40:00,354
2015-12-22 13:50:00,375
2015-12-22 14:00:00,398
2015-12-22 14:10:00,380
2015-12-22 14:20:00,388
2015-12-22 14:30:00,386
2015-12-22 14:40:00,410
2015-12-22 14:50:00,413
2015-12-22 15:00:00,391
2015-12-22 15:10:00,409
2015-12-22 15:20:00,426
2015-12-22 15:30:00,452
2015-12-22 15:40:00,437
2015-12-22 15:50:00,424
2015-12-22 16:00:00,425
2015-12-22 16:10:00,462
2015-12-22 16:20:00,418
2015-12-22 16:30:00,443
2015-12-22 16:40:00,421
2015-12-22 16:50:00,425
2015-12-22 17:00:00,447
2015-12-22 17:10:00,493
2015-12-22 17:20:00,405
2015-12-22 17:30:00,481
2015-12-22 17:40:00,475
2015-12-22 17:50:00,495
2015-12-22 18:00:00,498
2015-12-22 18:10:00,523
2015-12-22 18:20:00,491
2015-12-22 18:30:00,485
2015-12-22 18:40:00,567
2015-12-22 18:50:00,505
2015-12-22 19:00:00,522
2015-12-22 19:10:00,538
2015-12-22 19:20:00,534
2015-12-22 19:30:00,544
2015-12-22 19:40:00,559
2015-12-22 19:50:00,483
2015-12-22 20:00:00,525
2015-12-22 20:10:00,481
2015-12-22 20:20:00,442
2015-12-22 20:30:00,440
2015-12-22 20:40:00,428
2015-12-22 20:50:00,429
2015-12-22 21:00:00,413
2015-12-22 21:10:00,436
2015-12-22 21:20:00,428
2015-12-22 21:30:00,429
2015-12-22 21:40:00,426
2015-12-22 21:50:00,409
2015-12-22 22:00:00,386
2015-12-22 22:10:00,345
2015-12-22 22:20:00,352
2015-12-22 22:30:00,380
2015-12-22 22:40:00,368
2015-12-22 22:50:00,358
2015-12-22 23:00:00,398
2015-12-22 23:10:00,356
2015-12-22 23:20:00,347
2015-12-22 23:30:00,347
2015-12-22 23:40:00,305
2015-12-22 23:50:00,323
2015-12-23 00:00:00,273
2015-12-23 00:10:00,292
2015-12-23 00:20:00,263
2015-12-23 00:30:00,239
2015-12-23 00:40:00,234
2015-12-23 00:50:00,225
2015-12-23 01:00:00,225
2015-12-23 01:10:00,215
2015-12-23 01:20:00,153
2015-12-23 01:30:00,157
2015-12-23 01:40:00,153
2015-12-23 01:50:00,145
2015-12-23 02:00:00,134
2015-12-23 02:10:00,118
2015-12-23 02:20:00,127
2015-12-23 02:30:00,116
2015-12-23 02:40:00,108
2015-12-23 02:50:00,81
2015-12-23 03:00:00,90
2015-12-23 03:10:00,107
2015-12-23 03:20:00,92
2015-12-23 03:30:00,77
2015-12-23 03:40:00,86
2015-12-23 03:50:00,86
2015-12-23 04:00:00,89
2015-12-23 04:10:00,112
2015-12-23 04:20:00,98
2015-12-23 04:30:00,80
2015-12-23 04:40:00,80
2015-12-23 04:50:00,68
2015-12-23 05:00:00,61
2015-12-23 05:10:00,65
2015-12-23 05:20:00,77
2015-12-23 05:30:00,69
2015-12-23 05:40:00,79
2015-12-23 05:50:00,78
2015-12-23 06:00:00,96
2015-12-23 06:10:00,91
2015-12-23 06:20:00,114
2015-12-23 06:30:00,119
2015-12-23 06:40:00,127
2015-12-23 06:50:00,154
2015-12-23 07:00:00,156
2015-12-23 07:10:00,204
2015-12-23 07:20:00,228
2015-12-23 07:30:00,271
2015-12-23 07:40:00,322
2015-12-23 07:50:00,343
2015-12-23 08:00:00,348
2015-12-23 08:10:00,348
2015-12-23 08:20:00,357
2015-12-23 08:30:00,371
2015-12-23 08:40:00,398
2015-12-23 08:50:00,390
2015-12-23 09:00:00,371
2015-12-23 09:10:00,374
2015-12-23 09:20:00,328
2015-12-23 09:30:00,375
2015-12-23 09:40:00,360
2015-12-23 09:50:00,386
2015-12-23 10:00:00,341
2015-12-23 10:10:00,342
2015-12-23 10:20:00,359
2015-12-23 10:30:00,333
2015-12-23 10:40:00,372
2015-12-23 10:50:00,339
2015-12-23 11:00:00,336
2015-12-23 11:10:00,390
2015-12-23 11:20:00,359
2015-12-23 11:30:00,381
2015-12-23 11:40:00,421
2015-12-23 11:50:00,389
2015-12-23 12:00:00,380
2015-12-23 12:10:00,349
2015-12-23 12:20:00,362
2015-12-23 12:30:00,359
2015-12-23 12:40:00,410
2015-12-23 12:50:00,348
2015-12-23 13:00:00,418
2015-12-23 13:10:00,388
2015-12-23 13:20:00,414
2015-12-23 13:30:00,396
2015-12-23 13:40:00,385
2015-12-23 13:50:00,411
2015-12-23 14:00:00,426
2015-12-23 14:10:00,454
2015-12-23 14:20:00,392
2015-12-23 14:30:00,482
2015-12-23 14:40:00,446
2015-12-23 14:50:00,493
2015-12-23 15:00:00,521
2015-12-23 15:10:00,535
2015-12-23 15:20:00,555
2015-12-23 15:30:00,594
2015-12-23 15:40:00,551
2015-12-23 15:50:00,591
2015-12-23 16:00:00,628
2015-12-23 16:10:00,614
2015-12-23 16:20:00,624
2015-12-23 16:30:00,605
2015-12-23 16:40:00,593
2015-12-23 16:50:00,556
2015-12-23 17:00:00,636
2015-12-23 17:10:00,604
2015-12-23 17:20:00,633
2015-12-23 17:30:00,581
2015-12-23 17:40:00,589
2015-12-23 17:50:00,638
2015-12-23 18:00:00,618
2015-12-23 18:10:00,598
2015-12-23 18:20:00,616
2015-12-23 18:30:00,618
2015-12-23 18:40:00,605
2015-12-23 18:50:00,624
2015-12-23 19:00:00,614
2015-12-23 19:10:00,638
2015-12-23 19:20:00,605
2015-12-23 19:30:00,583
2015-12-23 19:40:00,642
2015-12-23 19:50:00,625
2015-12-23 20:00:00,577
2015-12-23 20:10:00,636
2015-12-23 20:20:00,548
2015-12-23 20:30:00,506
2015-12-23 20:40:00,475
2015-12-23 20:50:00,484
2015-12-23 21:00:00,499
2015-12-23 21:10:00,458
2015-12-23 21:20:00,456
2015-12-23 21:30:00,428
2015-12-23 21:40:00,411
2015-12-23 21:50:00,417
2015-12-23 22:00:00,433
2015-12-23 22:10:00,444
2015-12-23 22:20:00,473
2015-12-23 22:30:00,461
2015-12-23 22:40:00,438
2015-12-23 22:50:00,459
2015-12-23 23:00:00,409
2015-12-23 23:10:00,358
2015-12-23 23:20:00,390
2015-12-23 23:30:00,330
2015-12-23 23:40:00,366
2015-12-23 23:50:00,329
2015-12-24 00:00:00,350
2015-12-24 00:10:00,289
2015-12-24 00:20:00,329
2015-12-24 00:30:00,313
2015-12-24 00:40:00,245
2015-12-24 00:50:00,274
2015-12-24 01:00:00,256
2015-12-24 01:10:00,230
2015-12-24 01:20:00,210
2015-12-24 01:30:00,220
2015-12-24 01:40:00,196
2015-12-24 01:50:00,175
2015-12-24 02:00:00,164
2015-12-24 02:10:00,148
2015-12-24 02:20:00,163
2015-12-24 02:30:00,137
2015-12-24 02:40:00,140
2015-12-24 02:50:00,152
2015-12-24 03:00:00,150
2015-12-24 03:10:00,140
2015-12-24 03:20:00,130
2015-12-24 03:30:00,131
2015-12-24 03:40:00,110
2015-12-24 03:50:00,112
2015-12-24 04:00:00,131
2015-12-24 04:10:00,136
2015-12-24 04:20:00,121
2015-12-24 04:30:00,119
2015-12-24 04:40:00,99
2015-12-24 04:50:00,87
2015-12-24 05:00:00,85
2015-12-24 05:10:00,78
2015-12-24 05:20:00,82
2015-12-24 05:30:00,82
2015-12-24 05:40:00,80
2015-12-24 05:50:00,81
2015-12-24 06:00:00,66
2015-12-24 06:10:00,106
2015-12-24 06:20:00,93
2015-12-24 06:30:00,111
2015-12-24 06:40:00,131
2015-12-24 06:50:00,119
2015-12-24 07:00:00,134
2015-12-24 07:10:00,156
2015-12-24 07:20:00,183
2015-12-24 07:30:00,194
2015-12-24 07:40:00,216
2015-12-24 07:50:00,226
2015-12-24 08:00:00,213
2015-12-24 08:10:00,232
2015-12-24 08:20:00,240
2015-12-24 08:30:00,253
2015-12-24 08:40:00,299
2015-12-24 08:50:00,313
2015-12-24 09:00:00,285
2015-12-24 09:10:00,289
2015-12-24 09:20:00,255
2015-12-24 09:30:00,327
2015-12-24 09:40:00,343
2015-12-24 09:50:00,294
2015-12-24 10:00:00,299
2015-12-24 10:10:00,316
2015-12-24 10:20:00,303
2015-12-24 10:30:00,306
2015-12-24 10:40:00,312
2015-12-24 10:50:00,332
2015-12-24 11:00:00,310
2015-12-24 11:10:00,326
2015-12-24 11:20:00,379
2015-12-24 11:30:00,343
2015-12-24 11:40:00,369
2015-12-24 11:50:00,394
2015-12-24 12:00:00,369
2015-12-24 12:10:00,388
2015-12-24 12:20:00,376
2015-12-24 12:30:00,376
2015-12-24 12:40:00,419
2015-12-24 12:50:00,401
2015-12-24 13:00:00,408
2015-12-24 13:10:00,389
2015-12-24 13:20:00,445
2015-12-24 13:30:00,483
2015-12-24 13:40:00,468
2015-12-24 13:50:00,502
2015-12-24 14:00:00,465
2015-12-24 14:10:00,494
2015-12-24 14:20:00,467
2015-12-24 14:30:00,507
2015-12-24 14:40:00,492
2015-12-24 14:50:00,512
2015-12-24 15:00:00,490
2015-12-24 15:10:00,521
2015-12-24 15:20:00,509
2015-12-24 15:30:00,526
2015-12-24 15:40:00,565
2015-12-24 15:50:00,555
2015-12-24 16:00:00,576
2015-12-24 16:10:00,599
2015-12-24 16:20:00,618
2015-12-24 16:30:00,575
2015-12-24 16:40:00,609
2015-12-24 16:50:00,606
2015-12-24 17:00:00,659
2015-12-24 17:10:00,614
2015-12-24 17:20:00,628
2015-12-24 17:30:00,619
2015-12-24 17:40:00,642
2015-12-24 17:50:00,653
2015-12-24 18:00:00,667
2015-12-24 18:10:00,653
2015-12-24 18:20:00,720
2015-12-24 18:30:00,678
2015-12-24 18:40:00,655
2015-12-24 18:50:00,662
2015-12-24 19:00:00,697
2015-12-24 19:10:00,683
2015-12-24 19:20:00,663
2015-12-24 19:30:00,629
2015-12-24 19:40:00,649
2015-12-24 19:50:00,635
2015-12-24 20:00:00,649
2015-12-24 20:10:00,639
2015-12-24 20:20:00,603
2015-12-24 20:30:00,647
2015-12-24 20:40:00,618
2015-12-24 20:50:00,620
2015-12-24 21:00:00,610
2015-12-24 21:10:00,624
2015-12-24 21:20:00,614
2015-12-24 21:30:00,622
2015-12-24 21:40:00,593
2015-12-24 21:50:00,590
2015-12-24 22:00:00,608
2015-12-24 22:10:00,574
2015-12-24 22:20:00,540
2015-12-24 22:30:00,566
2015-12-24 22:40:00,580
2015-12-24 22:50:00,559
2015-12-24 23:00:00,546
2015-12-24 23:10:00,523
2015-12-24 23:20:00,505
2015-12-24 23:30:00,534
2015-12-24 23:40:00,487
2015-12-24 23:50:00,443
2015-12-25 00:00:00,468
2015-12-25 00:10:00,454
2015-12-25 00:20:00,421
2015-12-25 00:30:00,440
2015-12-25 00:40:00,413
2015-12-25 00:50:00,424
2015-12-25 01:00:00,460
2015-12-25 01:10:00,427
2015-12-25 01:20:00,427
2015-12-25 01:30:00,384
2015-12-25 01:40:00,401
2015-12-25 01:50:00,361
2015-12-25 02:00:00,356
2015-12-25 02:10:00,359
2015-12-25 02:20:00,325
2015-12-25 02:30:00,301
2015-12-25 02:40:00,292
2015-12-25 02:50:00,303
2015-12-25 03:00:00,280
2015-12-25 03:10:00,256
2015-12-25 03:20:00,256
2015-12-25 03:30:00,243
2015-12-25 03:40:00,243
2015-12-25 03:50:00,230
2015-12-25 04:00:00,223
2015-12-25 04:10:00,240
2015-12-25 04:20:00,186
2015-12-25 04:30:00,204
2015-12-25 04:40:00,152
2015-12-25 04:50:00,143
2015-12-25 05:00:00,140
2015-12-25 05:10:00,131
2015-12-25 05:20:00,104
2015-12-25 05:30:00,115
2015-12-25 05:40:00,104
2015-12-25 05:50:00,72
2015-12-25 06:00:00,82
2015-12-25 06:10:00,83
2015-12-25 06:20:00,96
2015-12-25 06:30:00,97
2015-12-25 06:40:00,93
2015-12-25 06:50:00,59
2015-12-25 07:00:00,97
2015-12-25 07:10:00,83
2015-12-25 07:20:00,82
2015-12-25 07:30:00,93
2015-12-25 07:40:00,85
2015-12-25 07:50:00,77
2015-12-25 08:00:00,79
2015-12-25 08:10:00,97
2015-12-25 08:20:00,92
2015-12-25 08:30:00,95
2015-12-25 08:40:00,98
2015-12-25 08:50:00,109
2015-12-25 09:00:00,100
2015-12-25 09:10:00,102
2015-12-25 09:20:00,99
2015-12-25 09:30:00,111
2015-12-25 09:40:00,127
2015-12-25 09:50:00,124
2015-12-25 10:00:00,117
2015-12-25 10:10:00,149
2015-12-25 10:20:00,156
2015-12-25 10:30:00,165
2015-12-25 10:40:00,150
2015-12-25 10:50:00,165
2015-12-25 11:00:00,142
2015-12-25 11:10:00,145
2015-12-25 11:20:00,164
2015-12-25 11:30:00,167
2015-12-25 11:40:00,205
2015-12-25 11:50:00,191
2015-12-25 12:00:00,177
2015-12-25 12:10:00,198
2015-12-25 12:20:00,187
2015-12-25 12:30:00,240
2015-12-25 12:40:00,204
2015-12-25 12:50:00,202
2015-12-25 13:00:00,231
2015-12-25 13:10:00,236
2015-12-25 13:20:00,236
2015-12-25 13:30:00,220
2015-12-25 13:40:00,258
2015-12-25 13:50:00,245
2015-12-25 14:00:00,261
2015-12-25 14:10:00,264
2015-12-25 14:20:00,262
2015-12-25 14:30:00,273
2015-12-25 14:40:00,297
2015-12-25 14:50:00,287
2015-12-25 15:00:00,306
2015-12-25 15:10:00,313
2015-12-25 15:20:00,334
2015-12-25 15:30:00,325
2015-12-25 15:40:00,383
2015-12-25 15:50:00,375
2015-12-25 16:00:00,383
2015-12-25 16:10:00,423
2015-12-25 16:20:00,398
2015-12-25 16:30:00,398
2015-12-25 16:40:00,348
2015-12-25 16:50:00,349
2015-12-25 17:00:00,380
2015-12-25 17:10:00,390
2015-12-25 17:20:00,395
2015-12-25 17:30:00,453
2015-12-25 17:40:00,414
2015-12-25 17:50:00,424
2015-12-25 18:00:00,396
2015-12-25 18:10:00,383
2015-12-25 18:20:00,405
2015-12-25 18:30:00,437
2015-12-25 18:40:00,404
2015-12-25 18:50:00,384
2015-12-25 19:00:00,375
